Date,tw_open,tw_high,tw_low,tw_close,tw_volume,sox_close_prev,sox_ret_1d,nasdaq_close_prev,nasdaq_ret_1d,usdtwd_close,usdtwd_ret_5d
2020-01-08,11818.759765625,11899.669921875,11777.4501953125,11817.099609375,2428800,1867.280029296875,0.017768752388188203,9068.580078125,-0.00031854247708495986,29.985000610351562,0.002909889996040249
2020-01-09,11889.4599609375,11992.5498046875,11889.4599609375,11970.6298828125,2036900,1867.5899658203125,0.00016598288343194767,9129.240234375,0.006689046766684248,30.010000228881836,0.005562269366532702
2020-01-10,12009.26953125,12038.2099609375,11959.0595703125,12024.650390625,1869000,1878.72998046875,0.005964914597056392,9203.4296875,0.008126574744484083,29.94300079345703,0.0014381664038587427
2020-01-13,12069.6103515625,12113.419921875,12037.240234375,12113.419921875,2292300,1866.3499755859375,-0.006589560507105796,9178.8603515625,-0.0026695847930331418,29.961999893188477,-0.0024304962408688846
2020-01-14,12161.73046875,12186.6201171875,12140.26953125,12179.8095703125,2255300,1890.7900390625,0.013095112811780885,9273.9296875,0.010357422631592339,29.874000549316406,-0.005757657356733614
2020-01-15,12169.919921875,12169.919921875,12048.009765625,12091.8798828125,1943800,1894.6400146484375,0.0020361729787017335,9251.330078125,-0.002436896778014286,29.826000213623047,-0.0053026644486251495
2020-01-16,12006.080078125,12075.5400390625,12006.080078125,12066.9296875,2049000,1872.1600341796875,-0.011865040479956956,9258.7001953125,0.0007966548728952638,29.933000564575195,-0.002565800190582279
2020-01-17,12080.7197265625,12117.5498046875,12055.91015625,12090.2900390625,2009700,1903.9300537109375,0.016969713566805433,9357.1298828125,0.010631048141058974,29.89900016784668,-0.001469479492515191
2020-01-20,12107.5595703125,12151.419921875,12101.5498046875,12118.7099609375,2095100,1903.9300537109375,0.016969713566805433,9357.1298828125,0.010631048141058974,29.950000762939453,-0.0004004782822174535
2020-01-30,11933.23046875,11933.23046875,11418.2197265625,11421.740234375,4917300,1858.699951171875,-0.018259449525289684,9275.16015625,0.0005912252564013176,30.090999603271484,0.005748820952057532
2020-01-31,11494.0302734375,11594.2099609375,11436.9501953125,11495.099609375,3130700,1855.800048828125,-0.0015601777693713403,9298.9296875,0.002562708443798023,30.204999923706055,0.007673045514905441
2020-02-03,11365.900390625,11365.900390625,11138.0302734375,11354.919921875,3472200,1789.9300537109375,-0.03549412295725618,9150.9404296875,-0.015914654996416755,30.34600067138672,0.01085943399906708
2020-02-04,11399.4599609375,11581.3603515625,11393.0302734375,11555.919921875,2731100,1812.1800537109375,0.012430653339704945,9273.400390625,0.01338222687366808,30.239999771118164,0.00481809141292544
2020-02-05,11601.5498046875,11620.419921875,11512.7099609375,11573.6201171875,2624400,1868.6500244140625,0.03116134657121239,9467.9697265625,0.02098144453400308,30.027999877929688,0.0007665628330748575
2020-02-06,11605.1103515625,11749.6796875,11605.1103515625,11749.6796875,2305400,1909.52001953125,0.021871401591104567,9508.6796875,0.0042997561370825554,29.951000213623047,-0.004652533697591665
2020-02-07,11712.7099609375,11712.7099609375,11592.08984375,11612.8095703125,2182700,1909.6400146484375,6.284046040905267e-05,9572.150390625,0.006675027996624783,30.030000686645508,-0.005793717513741803
2020-02-10,11514.7197265625,11598.0302734375,11423.33984375,11574.0703125,2328300,1864.3599853515625,-0.02371129058332544,9520.509765625,-0.005394882329740391,30.177000045776367,-0.005569123504623907
2020-02-11,11614.25,11678.580078125,11614.25,11664.0400390625,1845400,1892.800048828125,0.015254598736305525,9628.3896484375,0.011331313707803048,30.025999069213867,-0.00707674284140325
2020-02-12,11693.400390625,11801.51953125,11693.400390625,11774.1904296875,2120500,1931.0799560546875,0.02022395722689385,9638.9404296875,0.0010957991559588098,29.948999404907227,-0.0026308936107504177
2020-02-13,11813.5,11854.98046875,11784.9404296875,11791.7802734375,2132400,1958.8199462890625,0.014365013808671945,9725.9599609375,0.009027914622439681,29.90999984741211,-0.0013689147580550065
2020-02-14,11806.51953125,11840.7900390625,11788.8701171875,11815.7001953125,1697100,1960.3399658203125,0.0007759873663373273,9711.9697265625,-0.0014384425219915453,29.985000610351562,-0.001498504004828649
2020-02-17,11770.2998046875,11775.5595703125,11724.8203125,11763.509765625,1837200,1960.3399658203125,0.0007759873663373273,9711.9697265625,-0.0014384425219915453,30.014999389648438,-0.005368348605964357
2020-02-18,11700.91015625,11717.099609375,11642.9501953125,11648.98046875,1882600,1956.56005859375,-0.0019281896469324211,9731.1796875,0.001977967547093895,30.016000747680664,-0.000332988804474299
2020-02-19,11655.3701171875,11783.4296875,11654.16015625,11758.83984375,2169000,1929.1199951171875,-0.014024646652699535,9732.740234375,0.00016036564169130685,30.05500030517578,0.0035393803591043937
2020-02-20,11785.7802734375,11827.830078125,11714.150390625,11725.08984375,2035400,1979.5,0.02611553714145809,9817.1796875,0.008675814939226312,30.17099952697754,0.00872616786683178
2020-02-21,11721.16015625,11755.169921875,11661.6298828125,11686.349609375,1952700,1949.25,-0.015281636776963925,9750.9697265625,-0.006744295515116572,30.225000381469727,0.008003994204866194
2020-02-24,11615.2802734375,11615.2802734375,11512.080078125,11534.8701171875,2347100,1891.050048828125,-0.0298576125032064,9576.58984375,-0.017883337524623233,30.386999130249023,0.012393794708151162
2020-02-25,11506.740234375,11567.08984375,11415.4697265625,11540.23046875,2158400,1801.22998046875,-0.047497456989589515,9221.2802734375,-0.03710188867954778,30.341999053955078,0.010860817502465148
2020-02-26,11468.599609375,11494.2197265625,11408.0595703125,11433.6201171875,2640000,1746.1099853515625,-0.030601308947146855,8965.6103515625,-0.027726076455074633,30.413000106811523,0.011911488870425702
2020-02-27,11436.9599609375,11470.23046875,11274.51953125,11292.169921875,3360600,1749.949951171875,0.0021991546079724866,8980.7802734375,0.0016920121754293582,30.20800018310547,0.0012263649434234303
2020-03-02,11184.66015625,11282.0498046875,11049.849609375,11170.4599609375,3204100,1705.5400390625,0.022107700301859934,8567.3701171875,0.00010385226940567982,30.124000549316406,-0.008654970495945213
2020-03-03,11279.8603515625,11390.240234375,11279.8603515625,11327.7197265625,2572300,1765.3800048828125,0.03508564117509971,8952.169921875,0.044914576985011,29.80500030517578,-0.017698199377845558
2020-03-04,11368.25,11392.349609375,11297.8095703125,11392.349609375,2245300,1705.260009765625,-0.03405498813337826,8684.08984375,-0.029945821009265572,29.770000457763672,-0.021142263071371237
2020-03-05,11454.650390625,11525.3203125,11454.650390625,11514.8203125,2291000,1789.5699462890625,0.0494411034332678,9018.08984375,0.038461140546626416,29.75,-0.015161552579757154
2020-03-06,11471.3603515625,11471.3603515625,11310.3203125,11321.8095703125,2518500,1734.030029296875,-0.03103534293664112,8738.58984375,-0.030993259641753035,29.884000778198242,-0.010234160472242682
2020-03-09,11221.759765625,11221.759765625,10977.6396484375,10977.6396484375,3897400,1699.8900146484375,-0.019688248802865793,8575.6201171875,-0.018649430797928912,29.900999069213867,-0.007402784359184289
2020-03-10,10907.6201171875,11032.4697265625,10830.2197265625,11003.5400390625,3544100,1558.1600341796875,-0.08337597094366245,7950.68017578125,-0.07287402343694394,29.985000610351562,0.0060392653357739245
2020-03-11,11022.8203125,11088.23046875,10885.91015625,10893.75,2804700,1656.5,0.06311287907733099,8344.25,0.04950140308971451,29.739999771118164,-0.0010077489480750934
2020-03-12,10845.3896484375,10845.3896484375,10359.669921875,10422.3203125,4844200,1562.5400390625,-0.056721980644431014,7952.0498046875,-0.047002450227701664,30.069000244140625,0.010722697282037785
2020-03-13,10091.0302734375,10171.2001953125,9636.150390625,10128.8701171875,5906200,1392.1099853515625,-0.10907243939374056,7201.7998046875,-0.09434674309481184,29.947999954223633,0.0021415866135328088
2020-03-16,10069.419921875,10130.7998046875,9717.76953125,9717.76953125,3783600,1544.260009765625,0.10929454282711615,7874.8798828125,0.09345998172386105,30.10700035095215,0.00688944477277964
2020-03-17,9538.6396484375,9677.0703125,9371.349609375,9439.6298828125,4504100,1298.780029296875,-0.15896285529404264,6904.58984375,-0.12321331290147408,30.236000061035156,0.008370833602616035
2020-03-18,9453.98046875,9509.6103515625,9218.669921875,9218.669921875,3991000,1426.52001953125,0.09835383001964537,7334.77978515625,0.06230492341201921,30.030000686645508,0.009751207725595679
2020-03-19,9085.2802734375,9085.2802734375,8523.6298828125,8681.33984375,5702600,1286.8399658203125,-0.09791664456054106,6989.83984375,-0.047027988775385166,30.125,0.0018623750508728332
2020-03-20,8816.8603515625,9264.419921875,8816.8603515625,9234.08984375,4683400,1341.219970703125,0.04225856075906642,7150.580078125,0.022996268579562162,30.320999145507812,0.012454894879601941
2020-03-23,9025.5498046875,9029.51953125,8750.1396484375,8890.0302734375,136500,1298.5400390625,-0.031821723932615176,6879.52001953125,-0.037907422283539605,30.268999099731445,0.005380766828010364
2020-03-24,9083.7802734375,9415.6396484375,9083.7802734375,9285.6201171875,2920600,1342.1199951171875,0.03356073339575327,6860.669921875,-0.0027400309327879624,30.215999603271484,-0.0006614782948570763
2020-03-25,9426.4296875,9722.3701171875,9426.4296875,9644.75,3565400,1491.8299560546875,0.11154737391750724,7417.85986328125,0.08121509236724389,30.145000457763672,0.003829496120168363
2020-03-26,9667.1396484375,9739.73046875,9565.01953125,9736.3603515625,2795400,1472.5699462890625,-0.012910325126169409,7384.2998046875,-0.004524223861369192,30.253000259399414,0.0042489712663706936
2020-03-27,9807.900390625,9954.8603515625,9691.1396484375,9698.919921875,3349400,1572.6099853515625,0.06793567892282804,7797.5400390625,0.055962006595761116,30.131000518798828,-0.0062662389783791905
2020-03-30,9571.2197265625,9655.7001953125,9415.51953125,9629.4296875,2274000,1488.75,-0.05332535474955369,7502.3798828125,-0.03785298373222423,30.16699981689453,-0.003369760674967859
2020-03-31,9689.6201171875,9789.8095703125,9630.2998046875,9708.0595703125,2882300,1545.31005859375,0.037991643052057045,7774.14990234375,0.03622450792632592,30.030000686645508,-0.0061556433369107655
2020-04-01,9726.2001953125,9736.0,9663.6298828125,9663.6298828125,2434800,1510.5899658203125,-0.022468042953808998,7700.10009765625,-0.00952513208745509,30.229999542236328,0.002819674346721257
2020-04-06,9707.75,9818.740234375,9651.51953125,9818.740234375,2987300,1443.0400390625,-0.021409014317461006,7373.080078125,-0.01525647790392215,30.25,0.0027513569002306504
2020-04-07,9928.16015625,10039.150390625,9928.16015625,9996.3896484375,3205000,1592.8800048828125,0.10383631899615131,7913.240234375,0.0732611270359842,30.079999923706055,0.0016649762210223518
2020-04-08,10010.6396484375,10149.759765625,9984.66015625,10137.4697265625,3117000,1585.3800048828125,-0.004708452599699653,7887.259765625,-0.0032831644156512407,30.097000122070312,-0.004399583929208917
2020-04-09,10173.259765625,10246.83984375,10092.3603515625,10119.4296875,3058700,1639.8900146484375,0.03438293002166026,8090.89990234375,0.025818870275615025,30.066999435424805,-0.004997053891845127
2020-04-10,10105.4296875,10165.1201171875,10103.76953125,10157.6103515625,2365200,1639.8900146484375,0.03438293002166026,8090.89990234375,0.025818870275615025,30.066999435424805,-0.00046540804015848813
2020-04-13,10147.5595703125,10179.400390625,10080.650390625,10099.2197265625,2456300,1601.72998046875,-0.023269874100592225,8153.580078125,0.007746996815903406,30.025999069213867,-0.007404989447475474
2020-04-14,10130.650390625,10344.1298828125,10130.650390625,10332.9404296875,2847000,1623.6800537109375,0.013703978516880655,8192.419921875,0.004763532506929291,29.850000381469727,-0.007646261396931253
2020-04-15,10366.76953125,10461.83984375,10366.76953125,10447.2099609375,3333800,1695.760009765625,0.044392955305417425,8515.740234375,0.039465788568367355,30.020999908447266,-0.0025251757090341
2020-04-16,10385.7802734375,10425.2900390625,10317.1298828125,10375.48046875,2770300,1647.9100341796875,-0.028217421870062265,8393.1796875,-0.014392236435332606,29.905000686645508,-0.005387925360733847
2020-04-17,10554.5498046875,10710.150390625,10552.580078125,10597.0400390625,3725200,1690.8699951171875,0.026069360612204218,8532.3603515625,0.016582590775434225,29.937000274658203,-0.004323649290172815
2020-04-20,10612.4501953125,10637.6396484375,10542.9599609375,10586.7099609375,2298700,1705.6400146484375,0.0087351597543881,8650.1396484375,0.01380383528380058,30.03499984741211,0.0002997661519104078
2020-04-21,10544.7998046875,10544.7998046875,10278.9501953125,10288.419921875,3392700,1667.5699462890625,-0.02232010742737056,8560.73046875,-0.010336154480887538,30.030000686645508,0.0060301609003503565
2020-04-22,10256.1103515625,10310.849609375,10140.08984375,10307.740234375,2531000,1588.699951171875,-0.047296363965242616,8263.23046875,-0.03475170735558031,30.09600067138672,0.002498276645287456
2020-04-23,10370.1298828125,10462.7001953125,10294.8798828125,10366.509765625,2633300,1682.1199951171875,0.05880282420629701,8495.3798828125,0.028094268330097538,30.054000854492188,0.0049824499055510785
2020-04-24,10367.9697265625,10386.9296875,10324.2001953125,10347.3603515625,2400100,1664.6700439453125,-0.010373784999006208,8494.75,-7.41441608484994e-05,29.854999542236328,-0.0027391098530098468
2020-04-27,10407.490234375,10578.9599609375,10407.490234375,10567.26953125,3281100,1702.56005859375,0.022761276197796665,8634.51953125,0.016453636805085603,30.07900047302246,0.0014649783863456278
2020-04-28,10580.25,10620.51953125,10537.7099609375,10616.0595703125,3260300,1725.0400390625,0.013203634347746629,8730.16015625,0.011076542783169163,29.913000106811523,-0.0038961231155087983
2020-04-29,10656.400390625,10794.830078125,10656.400390625,10772.2197265625,3529100,1713.2099609375,-0.006857857126278177,8607.73046875,-0.014023761913732113,29.80500030517578,-0.00966907096355829
2020-04-30,10826.259765625,11012.7802734375,10826.259765625,10992.1396484375,3909100,1797.760009765625,0.04935183121504716,8914.7099609375,0.03566323240510094,29.6299991607666,-0.014107994998017404
2020-05-04,10781.509765625,10781.509765625,10658.5,10720.48046875,3113100,1644.4000244140625,-0.05016055908491124,8604.9501953125,-0.03201507563689321,29.89299964904785,-0.0061837435104079574
2020-05-05,10756.9501953125,10833.5302734375,10735.009765625,10774.6103515625,2817200,1661.300048828125,0.010277319486226899,8710.7099609375,0.01229057266160738,29.610000610351562,-0.010129358318391013
2020-05-06,10771.08984375,10828.73046875,10708.099609375,10774.98046875,3137600,1689.5,0.01697462850962239,8809.1201171875,0.0112976045226294,29.625,-0.006039265335774036
2020-05-07,10778.5302734375,10890.8701171875,10775.16015625,10842.919921875,2849600,1707.75,0.010802012429713015,8854.3896484375,0.005138939036791523,29.996999740600586,0.012386115093784289
2020-05-08,10883.2197265625,10970.7001953125,10883.2197265625,10901.419921875,3169900,1724.9300537109375,0.010060051946091386,8979.66015625,0.014147842232649754,29.780000686645508,0.006591232320679596
2020-05-11,10942.1796875,11039.1103515625,10942.1796875,11013.259765625,3370600,1775.6099853515625,0.02938086186833755,9121.3203125,0.01577567010165759,29.84000015258789,-0.0017729735082524511
2020-05-12,10974.509765625,10974.509765625,10854.509765625,10879.4697265625,3047800,1774.31005859375,-0.0007321015135849374,9192.33984375,0.0077861021011040865,29.892000198364258,0.00952379541370596
2020-05-13,10861.009765625,10938.26953125,10828.9296875,10938.26953125,2677400,1725.239990234375,-0.027655858750113893,9002.5498046875,-0.020646542913830723,29.788000106811523,0.005502113310093648
2020-05-14,10894.169921875,10894.169921875,10777.4599609375,10780.8798828125,3054300,1691.5699462890625,-0.019516150875182547,8863.169921875,-0.015482267339407163,29.892000198364258,-0.0035003348049575944
2020-05-15,10833.16015625,10904.009765625,10730.5498046875,10814.919921875,2749400,1739.050048828125,0.028068660502761578,8943.7197265625,0.009088148528969997,29.875999450683594,0.0032235984494497494
2020-05-18,10753.2099609375,10812.8701171875,10730.7001953125,10740.5498046875,2716100,1700.8900146484375,-0.021943033902561915,9014.5595703125,0.00792062429456597,29.95400047302246,0.0038203860540089174
2020-05-19,10812.7900390625,10924.7900390625,10812.7900390625,10860.4404296875,3048200,1782.5400390625,0.04800429405245166,9234.830078125,0.024434971680470374,29.940000534057617,0.0016057920304706208
2020-05-20,10892.759765625,10933.98046875,10860.150390625,10907.7998046875,2731300,1775.6099853515625,-0.003887740841200027,9185.099609375,-0.005385098407798439,29.844999313354492,0.0019134955800519382
2020-05-21,10933.2099609375,11021.66015625,10933.2099609375,11008.3095703125,2787700,1840.7900390625,0.036708541993264454,9375.7802734375,0.020759781839260194,29.8799991607666,-0.00040147991161576524
2020-05-22,10977.5498046875,10977.5498046875,10804.5595703125,10811.150390625,2923700,1790.9599609375,-0.027069941203277104,9284.8798828125,-0.009695234740358605,29.875999450683594,0.0
2020-05-25,10812.9404296875,10874.5400390625,10719.25,10871.1796875,2222100,1790.9599609375,-0.027069941203277104,9284.8798828125,-0.009695234740358605,30.06800079345703,0.003805846252063816
2020-05-26,10903.3203125,11046.2197265625,10903.3203125,10997.2099609375,2886300,1802.31005859375,0.006337437968355619,9324.58984375,0.004276841643477525,30.038000106811523,0.0032731987643896954
2020-05-27,11023.9296875,11069.7197265625,10972.25,11014.66015625,2794500,1820.510009765625,0.010098124396018537,9340.2197265625,0.0016762005701491667,29.975000381469727,0.004355874387876657
2020-05-28,11040.6201171875,11087.5302734375,10915.2998046875,10944.1904296875,3122300,1847.31005859375,0.014721176310134698,9412.3603515625,0.00772365395161323,30.024999618530273,0.0048527597669434375
2020-05-29,10921.16015625,10965.0302734375,10861.900390625,10942.16015625,3589800,1804.6600341796875,-0.023087637192063748,9368.990234375,-0.0046077833367589305,29.90999984741211,0.0011380505206073366
2020-06-01,10971.400390625,11109.2900390625,10971.400390625,11079.01953125,2655700,1852.489990234375,0.02650358247470619,9489.8701171875,0.012902124966358564,29.944000244140625,-0.004124003792875697
2020-06-02,11109.26953125,11170.490234375,11102.9697265625,11127.9296875,2754300,1843.239990234375,-0.004993279342270451,9552.0498046875,0.006552216914684994,29.83300018310547,-0.006824686163429683
2020-06-03,11182.51953125,11330.51953125,11182.51953125,11320.16015625,3776100,1883.4100341796875,0.02179317080691412,9608.3798828125,0.005897171735574247,29.8710994720459,-0.0034662521468409313
2020-06-04,11373.9404296875,11425.419921875,11341.580078125,11393.23046875,3539700,1937.469970703125,0.02870322210372156,9682.91015625,0.007756799205120846,29.857999801635742,-0.005562025612532051
2020-06-05,11418.009765625,11482.3603515625,11411.9404296875,11479.400390625,3400800,1953.469970703125,0.00825819250978821,9615.8095703125,-0.006929795366756419,29.845199584960938,-0.0021665082842445837
2020-06-08,11539.0,11631.8896484375,11528.4404296875,11610.3203125,3822500,2003.760009765625,0.025743952974305984,9814.080078125,0.02061922153956064,29.71299934387207,-0.007714430215908008
2020-06-09,11600.6103515625,11640.4501953125,11537.3798828125,11637.1103515625,3023600,1998.6199951171875,-0.0025651847643365366,9924.75,0.011276647530284345,29.649999618530273,-0.006134165637113109
2020-06-10,11635.990234375,11740.900390625,11621.01953125,11720.16015625,3477600,1998.0899658203125,-0.0002651976354534069,9953.75,0.0029219879593944675,29.594999313354492,-0.009243053103880183
2020-06-11,11738.490234375,11771.1201171875,11516.58984375,11535.76953125,4457500,2004.6600341796875,0.003288174442474423,10020.349609375,0.0066909063795053125,29.55299949645996,-0.010215028039456064
2020-06-12,11406.5400390625,11442.2998046875,11244.6396484375,11429.9404296875,3367500,1876.6600341796875,-0.0638512255532534,9492.73046875,-0.05265476367524757,29.524999618530273,-0.010728692415647778
2020-06-15,11436.2802734375,11469.83984375,11299.4501953125,11306.259765625,3034000,1903.8499755859375,0.01448847468962855,9588.8095703125,0.010121334623245826,29.62809944152832,-0.0028573319496020266
2020-06-16,11380.669921875,11542.25,11380.669921875,11511.6396484375,2915500,1931.010009765625,0.0142658479018698,9726.01953125,0.014309384280850601,29.479999542236328,-0.005733560825670336
2020-06-17,11525.5,11550.3203125,11482.3203125,11534.58984375,3138800,1965.68994140625,0.01795947792359409,9895.8701171875,0.017463525072283215,29.485000610351562,-0.0037168003228603697
2020-06-18,11534.2001953125,11567.419921875,11485.3896484375,11548.330078125,3404900,1984.0799560546875,0.009355501221764984,9910.5302734375,0.0014814418617457026,29.489999771118164,-0.0021317540153358294
2020-06-19,11557.26953125,11584.8798828125,11542.3701171875,11549.8603515625,4580400,1980.1400146484375,-0.0019857775359438667,9943.0498046875,0.0032813109241147664,29.5939998626709,0.002337010839360776
2020-06-22,11553.91015625,11632.8798828125,11553.91015625,11572.9296875,2950700,1966.7900390625,-0.006741935159725432,9946.1201171875,0.00030878981402193695,29.583999633789062,-0.001488445380247505
2020-06-23,11618.419921875,11679.400390625,11530.849609375,11612.3603515625,3057500,1983.3599853515625,0.008424867911656087,10056.48046875,0.011095819300612542,29.434999465942383,-0.0015264612277036127
2020-06-24,11647.8603515625,11701.23046875,11637.7900390625,11660.669921875,2861900,1987.72998046875,0.002203329274293564,10131.3701171875,0.007446904378745289,29.54800033569336,0.0021366703082135174
2020-06-29,11608.7998046875,11608.7998046875,11500.650390625,11542.6201171875,2922300,1921.9200439453125,-0.01995359828077592,9757.2197265625,-0.025933939646351156,29.52199935913086,-0.0020957367301813745
2020-06-30,11563.599609375,11638.0,11563.599609375,11621.240234375,2935300,1943.9000244140625,0.011436469762617918,9874.150390625,0.011984014641401863,29.411500930786133,-0.0007983195373738594
2020-07-01,11622.6396484375,11736.3896484375,11622.6396484375,11703.419921875,2868400,1996.43994140625,0.02702809626643443,10058.76953125,0.018697217818384404,29.395999908447266,-0.005144186595343991
2020-07-02,11694.099609375,11805.2099609375,11690.9501953125,11805.1396484375,3060100,1966.97998046875,-0.01475624702075884,10154.6298828125,0.009530027630585192,29.42770004272461,0.0011124199507301924
2020-07-03,11857.900390625,11933.58984375,11857.900390625,11909.16015625,3536100,1966.97998046875,-0.01475624702075884,10154.6298828125,0.009530027630585192,29.432100296020508,0.0017733538714146402
2020-07-06,11941.83984375,12116.7001953125,11941.83984375,12116.7001953125,4451500,1993.6099853515625,0.01353852359822505,10207.6298828125,0.005219294116244111,29.451000213623047,-0.002404957220007997
2020-07-07,12176.7900390625,12249.9501953125,12028.5703125,12092.9697265625,4263000,2046.81005859375,0.02668529633834371,10433.650390625,0.022142310252948327,29.40410041809082,-0.00025161968825493375
2020-07-08,12086.1298828125,12190.26953125,12083.83984375,12170.1904296875,3598500,2019.77001953125,-0.01321081990435291,10343.8896484375,-0.008603004588705887,29.479000091552734,0.00282351964090255
2020-07-09,12222.900390625,12273.4296875,12181.33984375,12192.6904296875,3882900,2049.760009765625,0.014848220314377825,10492.5,0.01436696993233566,29.340200424194336,-0.0029733760505659124
2020-07-10,12250.4404296875,12253.580078125,12030.2001953125,12073.6796875,4166700,2076.719970703125,0.01315274022766344,10547.75,0.005265665951870391,29.329999923706055,-0.0034690141473953107
2020-07-13,12109.6103515625,12216.240234375,12109.6103515625,12211.5595703125,3558300,2069.7900390625,-0.0033369600805055466,10617.4404296875,0.006607137037519806,29.46299934387207,0.00040742691799899866
2020-07-14,12202.8896484375,12228.3095703125,12143.91015625,12209.009765625,3333000,2034.1400146484375,-0.01722398105182199,10390.83984375,-0.021342298780777758,29.45599937438965,0.0017650244544429317
2020-07-15,12233.990234375,12320.48046875,12162.51953125,12202.849609375,3905800,2069.7900390625,0.017525845889337033,10488.580078125,0.00940638445445674,29.387699127197266,-0.0030971526874017385
2020-07-16,12173.0400390625,12220.9296875,12107.0400390625,12157.740234375,3196600,2064.169921875,-0.0027153078725055124,10550.490234375,0.005902625120736804,29.476999282836914,0.004662505936045669
2020-07-17,12195.7197265625,12266.9296875,12144.6201171875,12181.5595703125,3396200,2055.919921875,-0.003996763983706408,10473.830078125,-0.00726602788562658,29.36389923095703,0.0011557895444649358
2020-07-20,12205.25,12221.330078125,12065.7998046875,12174.5400390625,2819300,2068.989990234375,0.006357284746506542,10503.1904296875,0.0028032106061965933,29.45400047302246,-0.0003054295574113075
2020-07-21,12242.3203125,12450.16015625,12242.3203125,12397.5498046875,3529000,2110.469970703125,0.020048420081554497,10767.08984375,0.02512564309189158,29.44700050354004,-0.000305502140166114
2020-07-22,12389.759765625,12486.9501953125,12389.400390625,12473.26953125,3424000,2096.590087890625,-0.006576678656970314,10680.3603515625,-0.00805505419255359,29.402000427246094,0.0004866423869023251
2020-07-23,12423.01953125,12429.759765625,12347.8603515625,12413.0400390625,3426700,2105.429931640625,0.0042162956893943004,10706.1298828125,0.002412796048237187,29.431699752807617,-0.0015367754904304087
2020-07-24,12467.4296875,12502.83984375,12266.5498046875,12304.0400390625,3996200,2070.969970703125,-0.016367184877364993,10461.419921875,-0.022856995349024745,29.426700592041016,0.0021387268969297324
2020-07-27,12618.6904296875,12686.3603515625,12586.91015625,12588.2998046875,3687300,2038.7099609375,-0.015577246518293175,10363.1796875,-0.009390717044975738,29.451000213623047,-0.00010186254332966715
2020-07-28,12951.7197265625,13031.7001953125,12533.1904296875,12586.73046875,4457700,2104.6201171875,0.03232934429755341,10536.26953125,0.01670238758465037,29.18000030517578,-0.009067144150459727
2020-07-29,12530.740234375,12660.8701171875,12488.009765625,12540.9697265625,3067000,2060.39990234375,-0.021011019747755433,10402.08984375,-0.012735028000378179,29.312000274658203,-0.0030610214026284277
2020-07-30,12691.8603515625,12769.4697265625,12616.830078125,12722.919921875,3244900,2106.300048828125,0.022277299873758816,10542.9404296875,0.013540604633609066,29.259000778198242,-0.005867787999328855
2020-07-31,12653.4599609375,12733.48046875,12635.7099609375,12664.7998046875,3171700,2147.550048828125,0.019584104374374522,10587.8095703125,0.00425584692659875,29.15999984741211,-0.009063222830392403
2020-08-03,12642.73046875,12673.01953125,12506.58984375,12513.0302734375,3391600,2136.409912109375,-0.005187370010225845,10745.26953125,0.014871816487803668,29.309999465942383,-0.0047876386763747725
2020-08-04,12577.8798828125,12709.919921875,12577.8798828125,12709.919921875,3465700,2177.27001953125,0.01912559345015019,10902.7998046875,0.014660430152948933,29.24799919128418,0.0023303250650184015
2020-08-05,12762.33984375,12816.3896484375,12739.990234375,12802.2998046875,3917200,2209.81005859375,0.01494533924161856,10941.169921875,0.0035192902625804656,29.264999389648438,-0.0016034690423498699
2020-08-06,12894.240234375,12971.8701171875,12851.2001953125,12913.5,4098100,2207.56005859375,-0.001018187056959885,10998.400390625,0.005230744898274242,29.33810043334961,0.002703429818092351
2020-08-07,12901.4296875,12912.6298828125,12791.1796875,12828.8701171875,3831300,2204.93994140625,-0.0011868837621428208,11108.0703125,0.00997144293532748,29.36910057067871,0.007170806733908686
2020-08-10,12786.7998046875,12933.16015625,12786.7998046875,12894.0,3952000,2178.860107421875,-0.011827911270790414,11010.98046875,-0.008740477960491821,29.42099952697754,0.0037871055290921163
2020-08-11,12856.4599609375,12906.009765625,12780.1904296875,12780.1904296875,3726400,2179.60009765625,0.00033962264573772494,10968.3603515625,-0.0038706922883442463,29.312999725341797,0.0022223925005093736
2020-08-12,12713.6298828125,12730.9599609375,12625.5400390625,12670.349609375,3440300,2154.7900390625,-0.011382848909040066,10782.8203125,-0.01691593210976783,29.31800079345703,0.0018110850816330792
2020-08-13,12758.8701171875,12812.7998046875,12717.1298828125,12763.1298828125,3631900,2227.219970703125,0.03361345204293675,11012.240234375,0.021276430027220572,29.296199798583984,-0.0014281986272701719
2020-08-14,12709.9697265625,12801.3095703125,12679.1904296875,12795.4599609375,3896200,2202.409912109375,-0.01113947383738556,11042.5,0.0027478301400056804,29.338899612426758,-0.0010283242477675536
2020-08-17,12813.9404296875,12956.1103515625,12800.6904296875,12956.1103515625,4310300,2200.81005859375,-0.0007264104228865698,11019.2998046875,-0.002100991198777491,29.381999969482422,-0.0013255687475660638
2020-08-18,12974.9599609375,12981.580078125,12840.25,12872.1396484375,3911700,2227.610107421875,0.012177356570811648,11129.73046875,0.010021568159487293,29.3356990814209,0.0007743784768461381
2020-08-19,12904.83984375,12950.1103515625,12778.6396484375,12778.6396484375,4459400,2214.659912109375,-0.0058134927963170435,11210.83984375,0.007287631558350771,29.354700088500977,0.0012517666297402474
2020-08-20,12764.75,12764.75,12144.759765625,12362.6396484375,6063400,2200.77001953125,-0.006271794826003485,11146.4599609375,-0.005742645841862681,29.416000366210938,0.004089286953618654
2020-08-21,12462.51953125,12638.650390625,12462.51953125,12607.83984375,3778800,2181.0400390625,-0.008965035098466245,11264.9501953125,0.010630301888693516,29.320999145507812,-0.0006101274129368672
2020-08-24,12629.7802734375,12702.9404296875,12567.9501953125,12647.1298828125,3397300,2198.330078125,0.00792742854456363,11311.7998046875,0.0041588829566681085,29.392000198364258,0.00034035221878103705
2020-08-25,12706.400390625,12814.5595703125,12698.849609375,12758.25,3891600,2219.3701171875,0.009570918977028997,11379.7197265625,0.0060043426375751,29.290000915527344,-0.0015577663844560385
2020-08-26,12768.9599609375,12833.2900390625,12734.6904296875,12833.2900390625,3413200,2243.06005859375,0.010674173371438833,11466.4697265625,0.007623210596084284,29.290000915527344,-0.002204048168728434
2020-08-27,12888.650390625,12960.6796875,12786.4501953125,12797.3095703125,4956500,2250.22998046875,0.003196491260913925,11665.0595703125,0.017319179179443367,29.281700134277344,-0.004565550389639572
2020-08-28,12759.2998046875,12799.16015625,12674.5703125,12728.849609375,3774200,2220.14990234375,-0.013367557265739571,11625.33984375,-0.003405017035968405,29.323200225830078,7.506839420257094e-05
2020-08-31,12763.4404296875,12831.3798828125,12591.4501953125,12591.4501953125,4820400,2264.139892578125,0.01981397300602805,11695.6298828125,0.006046278217000989,29.331499099731445,-0.0020584205982748793
2020-09-01,12617.3896484375,12703.2802734375,12565.830078125,12703.2802734375,4070500,2260.429931640625,-0.001638574078245525,11775.4599609375,0.0068256330719147496,29.308000564575195,0.0006145322118549235
2020-09-02,12772.4296875,12802.6103515625,12646.4697265625,12699.5,3968600,2304.679931640625,0.019575921987496914,11939.669921875,0.013945099510527026,29.303499221801758,0.0004608503193066493
2020-09-03,12774.9697265625,12857.7900390625,12732.3203125,12757.9697265625,5711400,2370.179931640625,0.02842043231286029,12056.4404296875,0.009780044890400408,29.29290008544922,0.00038248978442223525
2020-09-04,12645.919921875,12655.669921875,12559.7802734375,12637.9501953125,5122000,2234.22998046875,-0.05735849390884484,11458.099609375,-0.04962831474198304,29.27899932861328,-0.0015073694847898
2020-09-07,12645.9296875,12725.0498046875,12575.3603515625,12601.400390625,5406000,2234.22998046875,-0.05735849390884484,11458.099609375,-0.04962831474198304,29.323999404907227,-0.00025568740277193136
2020-09-08,12637.419921875,12702.5498046875,12614.7197265625,12663.5595703125,4243200,2212.72998046875,-0.009623002192231445,11313.1298828125,-0.012652161484430269,29.305200576782227,-9.553663638017795e-05
2020-09-09,12592.1796875,12616.5703125,12480.5,12608.580078125,4223700,2108.610107421875,-0.04705493845427,10847.6904296875,-0.04114152829024975,29.246999740600586,-0.0019280796731312444
2020-09-10,12665.740234375,12708.6396484375,12650.400390625,12691.75,4738300,2169.610107421875,0.028929008632412767,11141.5595703125,0.02709047999938785,29.2810001373291,-0.0004062400132934796
2020-09-11,12697.4599609375,12701.7900390625,12616.6796875,12675.9501953125,4644800,2137.780029296875,-0.014670874742016782,10919.58984375,-0.01992268004866704,29.268600463867188,-0.00035516462258089465
2020-09-14,12680.41015625,12793.0703125,12680.41015625,12787.8203125,3515300,2136.3701171875,-0.0006595216018734362,10853.5498046875,-0.006047849782590431,29.281999588012695,-0.0014322676901808995
2020-09-15,12787.419921875,12857.73046875,12773.23046875,12845.650390625,3475900,2181.75,0.02124158283595623,11056.650390625,0.01871282571991184,29.12299919128418,-0.006217373773663937
2020-09-16,12989.8095703125,13021.6796875,12948.7197265625,12976.759765625,3609400,2219.18994140625,0.01716050941045033,11190.3203125,0.012089549470456262,29.19499969482422,-0.0017779617135968984
2020-09-17,12920.150390625,12972.51953125,12851.51953125,12872.740234375,3259900,2195.5400390625,-0.010656997809193158,11050.4697265625,-0.012497460486567302,29.18000030517578,-0.0034493299982796266
2020-09-18,12858.599609375,12927.8095703125,12841.08984375,12875.6201171875,3858100,2194.14990234375,-0.0006331639113917875,10910.2802734375,-0.012686289053217337,29.122100830078125,-0.005005351518939882
2020-09-21,12874.6103515625,12952.3095703125,12795.08984375,12795.1201171875,3612600,2160.969970703125,-0.015121998549498694,10793.2802734375,-0.010723830833645143,29.0049991607666,-0.00945975108064312
2020-09-22,12786.91015625,12786.91015625,12632.740234375,12645.509765625,3420700,2154.280029296875,-0.003095804891760423,10778.7998046875,-0.0013416188946410168,28.968700408935547,-0.005298176239856844
2020-09-23,12656.2998046875,12700.8896484375,12548.0703125,12583.8798828125,3552700,2180.260009765625,0.012059704455984477,10963.6396484375,0.01714846245401236,29.033000946044922,-0.005548852559433937
2020-09-24,12487.48046875,12487.48046875,12264.3798828125,12264.3798828125,4698500,2126.68994140625,-0.024570495316810215,10632.990234375,-0.030158726906864608,29.19230079650879,0.0004215384237273856
2020-09-25,12312.9404296875,12385.8095703125,12149.8095703125,12232.91015625,4286100,2147.419921875,0.009747533039556444,10672.26953125,0.003694096957600479,29.26409912109375,0.004875963167772834
2020-09-28,12282.3603515625,12462.759765625,12282.3603515625,12462.759765625,3002400,2177.840087890625,0.014165914037466809,10913.5595703125,0.022609065331040012,29.251800537109375,0.008508925477805462
2020-09-29,12488.099609375,12571.33984375,12429.7197265625,12467.73046875,2887800,2237.639892578125,0.027458308357901418,11117.5302734375,0.018689658659109654,29.100000381469727,0.004532477145356539
2020-09-30,12483.650390625,12568.6796875,12466.580078125,12515.6103515625,2462100,2242.52001953125,0.002180925969952341,11085.25,-0.0029035471587268713,28.889999389648438,-0.004925483130808206
2020-10-05,12567.8798828125,12637.6201171875,12519.1201171875,12548.2802734375,2876800,2221.1201171875,-0.03082765798559506,11075.01953125,-0.02220368318034316,28.920000076293945,-0.011342907264614399
2020-10-06,12644.08984375,12706.3896484375,12644.08984375,12704.23046875,3064800,2295.56005859375,0.03351459510461319,11332.490234375,0.023247878019402535,28.7052001953125,-0.013567016528584941
2020-10-07,12667.509765625,12774.3603515625,12619.8095703125,12746.3701171875,2873000,2281.090087890625,-0.0063034598676495746,11154.599609375,-0.01569739936421055,28.80699920654297,-0.002872972823087294
2020-10-08,12832.5400390625,12887.1904296875,12818.009765625,12887.1904296875,3427200,2328.840087890625,0.020932974218548006,11364.599609375,0.01882631446703864,28.613000869750977,-0.010341718995277471
2020-10-12,12959.150390625,12997.7900390625,12898.8896484375,12955.91015625,3714400,2398.0400390625,0.017774738776380916,11579.9404296875,0.013918241202884873,28.60099983215332,-0.011030437181848929
2020-10-13,12988.4404296875,12994.66015625,12857.099609375,12947.1298828125,3354400,2433.47998046875,0.014778711292954494,11876.259765625,0.02558902074986724,28.610000610351562,-0.0033164577955628882
2020-10-14,12927.08984375,12960.0,12895.7900390625,12919.3095703125,3672900,2430.1298828125,-0.0013766694951831138,11863.900390625,-0.0010406790726970039,28.835599899291992,0.0009928383218245074
2020-10-15,12892.2900390625,12909.1103515625,12786.259765625,12827.8203125,3580300,2417.199951171875,-0.0053206751343103376,11768.73046875,-0.008021807225404909,28.718000411987305,0.003669644533766059
2020-10-16,12814.16015625,12896.2998046875,12750.3701171875,12750.3701171875,3718400,2411.1298828125,-0.0025111982798246,11713.8701171875,-0.004661535218957846,28.732999801635742,0.0035380115069643114
2020-10-19,12803.3203125,12911.41015625,12803.3203125,12908.33984375,2971300,2399.760009765625,-0.004715578836264278,11671.5595703125,-0.003612004098706767,28.77199935913086,0.0059787954260710485
2020-10-20,12889.990234375,12917.75,12862.3701171875,12862.3701171875,2623800,2385.85009765625,-0.005796376326286712,11478.8798828125,-0.016508478266271776,28.713300704956055,0.003610628885031053
2020-10-21,12889.8798828125,12942.1201171875,12846.419921875,12877.25,3419400,2385.820068359375,-1.2586413917881067e-05,11516.490234375,0.0032764827183890954,28.523000717163086,-0.010840737949640578
2020-10-22,12854.9697265625,12917.0302734375,12827.400390625,12917.0302734375,3683000,2367.260009765625,-0.007779320343513141,11484.6904296875,-0.0027612409718876796,28.676000595092773,-0.001462490991434029
2020-10-23,12945.1201171875,12963.259765625,12875.23046875,12898.8203125,3531700,2370.449951171875,0.0013475247303171844,11506.009765625,0.0018563265651803107,28.680999755859375,-0.0018097673802025538
2020-10-26,12923.5498046875,12971.580078125,12894.1796875,12909.0302734375,4288700,2360.22998046875,-0.004311405392918188,11548.2802734375,0.0036737764588716804,28.58300018310547,-0.006568857925593252
2020-10-27,12867.76953125,12884.3203125,12821.0703125,12875.009765625,3583700,2308.449951171875,-0.0219385524823269,11358.9404296875,-0.01639550125792366,28.596799850463867,-0.004057382872463711
2020-10-28,12853.759765625,12879.98046875,12761.330078125,12793.75,3657900,2300.909912109375,-0.0032662779016163768,11431.349609375,0.006374642083539106,28.573999404907227,0.0017879846601642768
2020-10-29,12687.6396484375,12699.8203125,12583.3701171875,12662.91015625,3741600,2222.97998046875,-0.03386917985380067,11004.8701171875,-0.037307886361706455,28.58300018310547,-0.0032431444433440593
2020-10-30,12651.349609375,12656.2900390625,12546.33984375,12546.33984375,3918600,2283.64990234375,0.027292158457588478,11185.58984375,0.01642179549945344,28.3656005859375,-0.010996798319676482
2020-11-02,12565.3203125,12594.33984375,12480.66015625,12591.3095703125,2950900,2246.14990234375,-0.016421080990353665,10911.58984375,-0.024495802530529853,28.583599090576172,2.0953275263746463e-05
2020-11-03,12641.2802734375,12760.1396484375,12641.2802734375,12736.009765625,2946900,2260.070068359375,0.006197345066373261,10957.6103515625,0.0042175804325030875,28.558300018310547,-0.0013462986192385173
2020-11-04,12766.8603515625,12885.2802734375,12736.01953125,12867.900390625,3335500,2302.72998046875,0.01887548209527079,11160.5703125,0.018522283091455094,28.594600677490234,0.0007209796672520419
2020-11-05,12878.009765625,12918.7998046875,12840.400390625,12918.7998046875,2946300,2384.219970703125,0.03538842631379069,11590.7802734375,0.03854730976029597,28.551700592041016,-0.001095042188151818
2020-11-06,12952.490234375,12999.16015625,12927.2998046875,12973.5302734375,3215100,2489.159912109375,0.04401437060998292,11890.9296875,0.02589553136041678,28.531299591064453,0.00584154756832822
2020-11-09,13053.98046875,13149.900390625,13048.669921875,13127.4697265625,3696600,2529.27001953125,0.0161139134640349,11895.23046875,0.0003616858700730141,28.575000762939453,-0.00030081333038123326
2020-11-10,13090.650390625,13142.2197265625,13022.919921875,13081.7197265625,4774300,2497.590087890625,-0.012525326041106566,11713.7802734375,-0.01525402940188414,28.62540054321289,0.002349598010362053
2020-11-11,13067.0400390625,13262.1904296875,13067.0400390625,13262.1904296875,5109800,2422.330078125,-0.03013305110815323,11553.8603515625,-0.013652289708527277,28.587099075317383,-0.00026234330940511086
2020-11-12,13324.8603515625,13324.8603515625,13193.740234375,13221.7802734375,3935700,2511.239990234375,0.03670429266113695,11786.4296875,0.020129145485651367,28.508699417114258,-0.0015060810401865687
2020-11-13,13221.7998046875,13273.330078125,13170.1201171875,13273.330078125,3526400,2478.429931640625,-0.013065281980750854,11709.58984375,-0.006519348588783558,28.43199920654297,-0.003480401732299021
2020-11-16,13356.740234375,13551.830078125,13356.740234375,13551.830078125,3858000,2508.820068359375,0.012261850266887642,11829.2900390625,0.010222407181613713,28.479999542236328,-0.003324627057450069
2020-11-17,13723.76953125,13780.1201171875,13593.009765625,13593.009765625,4123400,2570.97998046875,0.024776552489084613,11924.1298828125,0.008017374114323017,28.515100479125977,-0.0038532234307221414
2020-11-18,13628.419921875,13773.2900390625,13608.7197265625,13773.2900390625,4140300,2548.9599609375,-0.008564835081771083,11899.33984375,-0.0020789809660017866,28.500999450683594,-0.0030118349681772516
2020-11-19,13775.259765625,13785.919921875,13700.0400390625,13722.4296875,3973800,2530.590087890625,-0.0072068111419524294,11801.599609375,-0.008213920743371017,28.530000686645508,0.0007471848932703029
2020-11-20,13702.58984375,13726.2197265625,13666.0703125,13716.4404296875,3869400,2570.219970703125,0.01566033274299805,11904.7099609375,0.00873698100049003,28.48699951171875,0.00193445085504651
2020-11-23,13793.5498046875,13921.16015625,13793.5498046875,13878.009765625,4442800,2555.5,-0.0057271248651523665,11854.9697265625,-0.00417819791815266,28.52630043029785,0.0016257334552571834
2020-11-24,13918.83984375,13951.169921875,13798.3203125,13807.1298828125,5153400,2595.25,0.015554685971434168,11880.6298828125,0.0021645062654613856,28.517900466918945,9.819315892012348e-05
2020-11-25,13860.9501953125,13893.2001953125,13731.8095703125,13738.830078125,5163800,2609.010009765625,0.005301997790434498,12036.7900390625,0.01314409739132727,28.46739959716797,-0.0011789008863974937
2020-11-26,13763.7900390625,13856.759765625,13763.7900390625,13845.66015625,4596800,2609.010009765625,0.005301997790434498,12036.7900390625,0.01314409739132727,28.480199813842773,-0.0017455615704224936
2020-11-27,13833.2099609375,13885.009765625,13811.8095703125,13867.08984375,4863800,2600.239990234375,-0.0033614357547205875,12094.400390625,0.004786188956984239,28.509700775146484,0.0007968990703424161
2020-11-30,13917.650390625,13969.3896484375,13722.8896484375,13722.8896484375,7445200,2631.56005859375,0.012045068331001163,12205.849609375,0.009214943705385448,28.51799964904785,-0.0002909869532602416
2020-12-01,13810.5498046875,13885.669921875,13749.7099609375,13885.669921875,6561000,2663.489990234375,0.01213346111419833,12198.740234375,-0.000582456381777785,28.516700744628906,-4.206909591508712e-05
2020-12-02,13970.509765625,13995.7001953125,13894.7001953125,13989.1396484375,6589100,2709.72998046875,0.017360677308310812,12355.1103515625,0.012818546356685445,28.472999572753906,0.0001967153890127804
2020-12-03,13988.490234375,14049.580078125,13940.0703125,13977.08984375,6081000,2716.35009765625,0.002443091095871708,12349.3701171875,-0.0004646040554606712,28.44099998474121,-0.0013763888370793564
2020-12-04,14010.169921875,14149.5595703125,14010.169921875,14132.4404296875,6852600,2716.14990234375,-7.370011423513123e-05,12377.1796875,0.0022519019228190995,28.3882999420166,-0.004258228947661036
2020-12-07,14230.0,14306.8701171875,14142.01953125,14256.599609375,8157200,2793.030029296875,0.0283048173765319,12464.23046875,0.007033167769060933,28.215999603271484,-0.01058980466697812
2020-12-08,14251.9404296875,14367.0,14184.580078125,14360.400390625,6401000,2806.610107421875,0.004862131084361732,12519.9501953125,0.00447037036920972,28.0,-0.018119232980562283
2020-12-09,14336.6904296875,14427.41015625,14336.6904296875,14390.1396484375,6287100,2816.27001953125,0.0034418432698686274,12582.76953125,0.005017538804668709,28.22570037841797,-0.008685393110902884
2020-12-10,14295.150390625,14319.3798828125,14191.849609375,14249.490234375,6332100,2734.77001953125,-0.02893898647316684,12338.9501953125,-0.019377239274069313,28.243000030517578,-0.006961778922325523
2020-12-11,14298.58984375,14353.169921875,14081.419921875,14261.6904296875,6398300,2733.669921875,-0.0004022633158888844,12405.8095703125,0.005418562676863692,28.18670082092285,-0.007101486228675791
2020-12-14,14238.919921875,14270.33984375,14182.25,14211.0498046875,5733400,2704.080078125,-0.010824219673787328,12377.8701171875,-0.002252126551407052,28.18199920654297,-0.0012050041539046763
2020-12-15,14206.330078125,14256.5498046875,14053.349609375,14068.51953125,6314600,2736.25,0.011896808136431458,12440.0400390625,0.0050226671702324754,28.11199951171875,0.003999982561383897
2020-12-16,14145.240234375,14339.5,14145.240234375,14304.4599609375,4861300,2774.7900390625,0.014084984582000803,12595.0595703125,0.012461337002391382,28.097999572753906,-0.0045242741172759615
2020-12-17,14326.16015625,14338.400390625,14213.490234375,14258.9296875,4300900,2773.419921875,-0.00049377328309963,12658.1904296875,0.005012350995449388,28.115299224853516,-0.004521502868890637
2020-12-18,14268.1298828125,14329.1201171875,14245.599609375,14249.9599609375,5686900,2778.139892578125,0.0017018593779820623,12764.75,0.008418230939438498,28.128000259399414,-0.0020825623366274026
2020-12-21,14273.7900390625,14384.9599609375,14166.8896484375,14384.9599609375,6280700,2764.739990234375,-0.004823336067254269,12755.6396484375,-0.0007137117109617952,28.16900062561035,-0.0004612370058402204
2020-12-22,14348.1103515625,14411.9296875,14175.6904296875,14177.4599609375,8023200,2747.2900390625,-0.006311606600805764,12742.51953125,-0.0010285738347199924,28.139999389648438,0.0009960116112699424
2020-12-23,14180.7001953125,14247.7900390625,14134.8701171875,14223.08984375,5537300,2743.969970703125,-0.0012084884785255046,12807.919921875,0.00513245363011694,28.130800247192383,0.001167366892206978
2020-12-24,14256.2900390625,14324.419921875,14256.2900390625,14280.2802734375,5380500,2723.530029296875,-0.007449039757899567,12771.1103515625,-0.002873969429620815,28.135000228881836,0.0007007218337162779
2020-12-25,14306.98046875,14400.830078125,14296.9697265625,14331.419921875,5375300,2723.530029296875,-0.007449039757899567,12771.1103515625,-0.002873969429620815,28.11400032043457,-0.0004977225126470142
2020-12-28,14363.4501953125,14483.0703125,14363.4501953125,14483.0703125,6279800,2750.239990234375,0.009807110863541801,12804.73046875,0.0026325132476352486,27.93899917602539,-0.008165055361454732
2020-12-29,14500.91015625,14547.0703125,14435.0302734375,14472.0498046875,7396000,2744.300048828125,-0.002159790210069512,12899.419921875,0.0073948806151047375,28.10700035095215,-0.0011726737530928233
2020-12-30,14485.9697265625,14695.4404296875,14476.6904296875,14687.7001953125,6211900,2738.050048828125,-0.002277447760374751,12850.2197265625,-0.0038141401404465647,28.12459945678711,-0.00022042708884162376
2020-12-31,14704.5302734375,14760.0595703125,14646.330078125,14732.5302734375,5881100,2783.77001953125,0.016698004012999368,12870.0,0.0015392945691514726,28.06999969482422,-0.002310308637953784
2021-01-04,14720.25,14937.1298828125,14720.25,14902.0302734375,6487600,2795.5,0.0042137031387115,12888.2802734375,0.0014203786664723772,28.054000854492188,0.00411617029451361
2021-01-05,14913.6396484375,15000.0302734375,14861.990234375,15000.0302734375,6302200,2783.2099609375,-0.0043963652521910035,12698.4501953125,-0.01472889121725851,28.10099983215332,-0.00021348840943191671
2021-01-06,15145.849609375,15197.6796875,14837.0,14983.1298828125,7787000,2837.169921875,0.019387671679402807,12818.9599609375,0.009490116019786887,27.954999923706055,-0.006030291501275986
2021-01-07,15059.51953125,15270.400390625,15049.8603515625,15214.0,5878900,2827.9599609375,-0.0032461788299987804,12740.7900390625,-0.006097992513683037,27.829999923706055,-0.008550045376823356
2021-01-08,15365.1298828125,15463.9501953125,15275.3798828125,15463.9501953125,6192800,2937.0,0.03855784401783113,13067.48046875,0.025641300789502663,27.926799774169922,-0.005409771199263669
2021-01-11,15425.580078125,15557.2998046875,15395.73046875,15557.2998046875,5319100,2936.469970703125,-0.0001804662229740739,13201.98046875,0.010292726308001487,28.017000198364258,-0.0013189083553479808
2021-01-12,15549.5302734375,15642.0302734375,15421.23046875,15500.7001953125,6399400,2969.919921875,0.01139121172891322,13036.4296875,-0.012539844430301206,28.020700454711914,-0.0028575274161429798
2021-01-13,15550.16015625,15778.51953125,15550.16015625,15769.98046875,5900400,2988.02001953125,0.0060944732963785775,13072.4296875,0.002761492284541589,27.97800064086914,0.0008227765060224712
2021-01-14,15651.2001953125,15760.150390625,15620.9599609375,15707.1904296875,5571500,2991.949951171875,0.0013152293542000315,13128.9501953125,0.004323642135673156,28.01799964904785,0.006755290185310292
2021-01-15,15987.16015625,16041.58984375,15615.1103515625,15616.3896484375,6418300,3055.639892578125,0.02128710120344901,13112.6396484375,-0.001242334431341141,27.986900329589844,0.002152074562997708
2021-01-18,15676.4501953125,15676.4501953125,15320.9697265625,15612.0,5431000,3055.639892578125,0.02128710120344901,13112.6396484375,-0.001242334431341141,27.9822998046875,-0.0012385477899515829
2021-01-19,15716.6396484375,15928.1396484375,15716.6396484375,15877.3701171875,5516500,2992.77001953125,-0.02057502691975588,12998.5,-0.008704551600417165,27.982200622558594,-0.0013739782206924067
2021-01-20,15934.849609375,16004.3203125,15745.48046875,15806.1796875,7303000,3093.320068359375,0.03359765306786722,13197.1796875,0.015284816517290523,27.915000915527344,-0.002251759378751661
2021-01-21,15775.73046875,16238.4599609375,15775.73046875,16153.76953125,5268500,3085.0400390625,-0.002676745087444643,13457.25,0.0197065068945248,27.889999389648438,-0.004568500999455272
2021-01-22,15984.8896484375,16138.0400390625,15973.01953125,16019.0302734375,5023800,3132.169921875,0.015276911228297108,13530.91015625,0.005473641067082813,27.958799362182617,-0.001004075731013243
2021-01-25,16006.2099609375,16014.9599609375,15772.6298828125,15946.5400390625,4667900,3074.39990234375,-0.018444088594231633,13543.0595703125,0.0008979007267215788,27.95159912109375,-0.00109714654649673
2021-01-26,15955.16015625,16023.8701171875,15589.2099609375,15658.849609375,4526600,3079.2099609375,0.0015645520252856038,13635.990234375,0.006861866299858299,27.920000076293945,-0.0022228611360359807
2021-01-27,15711.759765625,15837.4697265625,15642.1201171875,15701.4501953125,4293000,3031.77001953125,-0.015406530249014394,13626.0595703125,-0.0007282686399603389,27.917999267578125,0.00010741006456904678
2021-01-28,15519.849609375,15557.01953125,15367.4501953125,15415.8798828125,5142300,2875.1298828125,-0.051666233160709396,13270.599609375,-0.026086775791876904,27.933000564575195,0.0015418134050844134
2021-01-29,15544.3603515625,15603.41015625,15138.3095703125,15138.3095703125,5546700,2935.1201171875,0.020865225857663372,13337.16015625,0.005015639747580014,27.932600021362305,-0.0009370695959051156
2021-02-01,15176.5595703125,15429.98046875,15089.9599609375,15410.08984375,4413200,2887.080078125,-0.016367316206647442,13070.6904296875,-0.019979495142946724,28.000999450683594,0.001767352535925637
2021-02-02,15546.6904296875,15838.150390625,15546.6904296875,15760.0498046875,4965800,2999.989990234375,0.03910868734292383,13403.3896484375,0.025453836623223758,27.950300216674805,0.0010852485780108445
2021-02-03,15828.6396484375,15896.400390625,15741.16015625,15771.3203125,5015900,3047.330078125,0.015780081948515656,13612.7802734375,0.015622214267598356,27.857999801635742,-0.0021491320121947988
2021-02-04,15697.75,15801.3701171875,15606.740234375,15706.2197265625,4217800,2982.8701171875,-0.021152930363605993,13610.5400390625,-0.0001645684665440017,27.86400032043457,-0.0024702052320197954
2021-02-05,15805.759765625,15938.08984375,15774.33984375,15802.400390625,4311100,3008.419921875,0.008565510291675293,13777.740234375,0.012284611399153267,27.90290069580078,-0.0010632495914740803
2021-02-17,16197.4501953125,16406.779296875,16197.4501953125,16362.2900390625,5847800,3238.919921875,0.0059163270548749924,14047.5,-0.0034032017018987837,28.040000915527344,0.006681290592247091
2021-02-18,16366.23046875,16517.73046875,16323.2197265625,16424.509765625,5808600,3178.239990234375,-0.01873461928799325,13965.490234375,-0.005838032790532077,27.918699264526367,-0.0015235569115867875
2021-02-19,16376.91015625,16382.7001953125,16211.25,16341.3798828125,5567600,3146.7900390625,-0.009895398481080675,13865.3603515625,-0.007169807943156803,27.86079978942871,-0.0029452775901432915
2021-02-22,16445.869140625,16579.169921875,16410.16015625,16410.16015625,6377000,3223.4599609375,0.02436448600741148,13874.4599609375,0.0006562836554027118,27.907800674438477,-0.0038264757289114826
2021-02-23,16320.8798828125,16467.75,16211.75,16443.400390625,6508000,3102.010009765625,-0.03767689149039499,13533.0498046875,-0.024607095138204582,27.80940055847168,-0.0065942318407720135
2021-02-24,16329.5400390625,16456.939453125,16212.5302734375,16212.5302734375,6503200,3083.8798828125,-0.005844638442831784,13465.2001953125,-0.0050136229714826674,27.850200653076172,-0.006768910708061626
2021-02-25,16376.7998046875,16474.05078125,16322.26953125,16452.1796875,6958100,3183.739990234375,0.03238132197639376,13597.9697265625,0.009860197347546285,27.649999618530273,-0.009624361201436948
2021-02-26,16190.0400390625,16190.0400390625,15953.7998046875,15953.7998046875,7625000,2999.159912109375,-0.05797586445223879,13119.4296875,-0.03519202121238085,27.764999389648438,-0.0034385373178204004
2021-03-02,16127.8701171875,16262.91015625,15946.8798828125,15946.8798828125,6314300,3169.110107421875,0.033084275874232016,13588.830078125,0.030053817590480314,27.819000244140625,0.0003451957063498323
2021-03-03,15992.3203125,16211.73046875,15884.5498046875,16211.73046875,5473300,3070.93994140625,-0.03097720264932291,13358.7900390625,-0.016928612525136666,27.739999771118164,-0.003956915188179644
2021-03-04,16091.75,16091.75,15840.990234375,15906.41015625,5822900,2975.580078125,-0.031052337427863397,12997.75,-0.027026402691170515,27.719999313354492,0.0025316345674488705
2021-03-05,15759.580078125,15934.4296875,15636.4296875,15855.23046875,4705600,2831.6298828125,-0.04837718748379549,12723.4697265625,-0.02110213486468815,27.812999725341797,0.0017288073743395582
2021-03-08,15943.3701171875,16074.9697265625,15816.5,15820.1103515625,4746800,2920.75,0.03147308118495418,12920.150390625,0.0154580997392475,27.927499771118164,0.0026027725748802855
2021-03-09,15715.0703125,15864.259765625,15657.919921875,15853.08984375,5441900,2762.75,-0.054095694598989996,12609.16015625,-0.02407017139681733,28.283000946044922,0.016679273080707713
2021-03-10,15921.4501953125,15986.0703125,15857.3203125,15911.669921875,4340600,2932.2099609375,0.06133742138720488,13073.8203125,0.03685099962979543,28.25200080871582,0.018457139214929974
2021-03-11,15947.2099609375,16216.2197265625,15947.2099609375,16179.5595703125,5113400,2879.320068359375,-0.018037553000200157,13068.830078125,-0.00038169672335397475,28.20199966430664,0.017388180479497306
2021-03-12,16241.5498046875,16298.0302734375,16166.349609375,16255.1796875,4907000,2997.1298828125,0.04091584528852077,13398.669921875,0.025238666489519668,28.000999450683594,0.0067594192355491245
2021-03-15,16256.580078125,16281.91015625,16194.91015625,16249.330078125,4681700,2965.090087890625,-0.010690158976964015,13319.8603515625,-0.005881895051674801,28.145700454711914,0.00781311200007262
2021-03-16,16253.9296875,16340.66015625,16244.990234375,16313.16015625,5049000,3032.050048828125,0.02258277453726043,13459.7099609375,0.010499329999251517,28.176700592041016,-0.0037584538573786075
2021-03-17,16312.98046875,16349.2099609375,16166.349609375,16215.8203125,4911400,3070.320068359375,0.012621829757078373,13471.5703125,0.0008811743787140447,28.236499786376953,-0.0005486698957648528
2021-03-18,16264.6103515625,16410.01953125,16264.6103515625,16287.83984375,5694800,3107.919921875,0.012246232535527257,13525.2001953125,0.003980967442432259,28.217599868774414,0.0005531595154055768
2021-03-19,16186.4599609375,16186.4599609375,16022.169921875,16070.240234375,6753400,2976.219970703125,-0.04237559347810371,13116.169921875,-0.030242086440928184,28.404699325561523,0.014417338052127082
2021-03-22,16065.5,16235.6298828125,15983.76953125,16189.2197265625,7093200,3011.3701171875,0.011810332176512839,13215.240234375,0.0075532959004116496,28.38610076904297,0.008541280211443736
2021-03-23,16250.2001953125,16351.3798828125,16166.2900390625,16177.58984375,7291400,3077.550048828125,0.021976684719988704,13377.5400390625,0.012281260257784199,28.3085994720459,0.00468113289467742
2021-03-24,15994.9599609375,16125.5400390625,15967.9501953125,16032.1201171875,5549900,2994.2099609375,-0.027080010582560488,13227.7001953125,-0.011200851824211822,28.402999877929688,0.005896626452017495
2021-03-25,16010.5400390625,16146.580078125,15944.9599609375,16060.1396484375,5947800,2953.969970703125,-0.013439268040433494,12961.8896484375,-0.02009499330572939,28.48069953918457,0.009323956383026744
2021-03-26,16140.3701171875,16325.6201171875,16140.3701171875,16305.8798828125,5404200,2959.8798828125,0.0020006676330457385,12977.6796875,0.0012181895920093666,28.503299713134766,0.0034712702445158783
2021-03-29,16411.669921875,16520.890625,16411.669921875,16475.970703125,6897800,3106.280029296875,0.04946151610222249,13138.73046875,0.012409828654125432,28.585500717163086,0.007024562821871472
2021-03-30,16490.310546875,16556.189453125,16438.400390625,16554.900390625,5851100,3054.6298828125,-0.016627653011717092,13059.650390625,-0.0060188523018330775,28.52750015258789,0.007732656670569327
2021-03-31,16529.23046875,16550.19921875,16427.19921875,16431.130859375,5865500,3044.550048828125,-0.003299854440988459,13045.3896484375,-0.0010919696746045648,28.441099166870117,0.0013413825688897152
2021-04-01,16538.279296875,16602.470703125,16496.16015625,16571.279296875,5687600,3124.93994140625,0.026404523259214496,13246.8701171875,0.015444572694241598,28.374399185180664,-0.0037323645740391376
2021-04-07,16771.349609375,16816.33984375,16715.3203125,16815.359375,6682200,3266.10009765625,-0.011898553228400721,13698.3798828125,-0.0005260598791950732,28.431800842285156,-0.00032693267339656273
2021-04-08,16786.560546875,16926.720703125,16735.779296875,16926.439453125,7382600,3266.4599609375,0.00011018133874962643,13688.83984375,-0.0006964355744338846,28.350400924682617,-0.0008457715823840806
2021-04-09,16974.279296875,17016.130859375,16815.58984375,16854.099609375,8624700,3301.260009765625,0.010653750312046517,13829.3095703125,0.010261623933502051,28.37070083618164,-0.0031972651621806625
2021-04-12,16908.55078125,16979.349609375,16793.5390625,16859.69921875,9009000,3294.530029296875,-0.00203860963657565,13900.1904296875,0.005125408395453057,28.5,-0.0010690458122665225
2021-04-13,16872.400390625,17041.369140625,16802.220703125,16824.91015625,10350300,3258.330078125,-0.010987895344696796,13850.0,-0.0036107728121699267,28.393600463867188,0.0002289858453421445
2021-04-14,16869.779296875,16935.390625,16559.5703125,16865.970703125,10140000,3252.699951171875,-0.0017279179267082334,13996.099609375,0.010548708258122819,28.413700103759766,-0.0006366370750061634
2021-04-15,16851.060546875,17076.73046875,16851.060546875,17076.73046875,7006700,3213.8798828125,-0.011934721598095499,13857.83984375,-0.009878449674107004,28.33370018005371,-0.0005890831905084326
2021-04-16,17028.349609375,17158.810546875,16998.91015625,17158.810546875,7912900,3271.330078125,0.017875651053338215,14038.759765625,0.013055420174782562,28.24530029296875,-0.004420072099627692
2021-04-19,17141.25,17294.150390625,17135.51953125,17263.279296875,10158100,3253.080078125,-0.005578770580821457,14052.33984375,0.0009673274813244426,28.2549991607666,-0.008596520674856056
2021-04-20,17231.580078125,17323.869140625,17175.01953125,17323.869140625,9165400,3171.0,-0.02523149635231514,13914.76953125,-0.009789850945085554,28.12700080871582,-0.009389427575084541
2021-04-21,17282.759765625,17282.759765625,17167.390625,17202.109375,9427000,3121.429931640625,-0.015632314209831244,13786.26953125,-0.009234791831184364,28.025999069213867,-0.01364486262366782
2021-04-22,17302.73046875,17428.150390625,17066.169921875,17096.970703125,14999500,3207.25,0.02749383142945261,13950.2197265625,0.01189228129776998,27.979999542236328,-0.012483390293879792
2021-04-23,17117.490234375,17300.26953125,17055.48046875,17300.26953125,9329900,3133.169921875,-0.023097693701769395,13818.41015625,-0.00944856589330434,28.086299896240234,-0.0056292691201479395
2021-04-26,17378.359375,17572.2890625,17378.359375,17572.2890625,9298000,3196.97998046875,0.020365974455532898,14016.8095703125,0.014357615081555863,28.031999588012695,-0.007892393536629516
2021-04-27,17586.01953125,17630.189453125,17489.7109375,17595.900390625,9687900,3250.260009765625,0.016665737546802895,14138.7802734375,0.008701745037853259,27.808000564575195,-0.011341424075395068
2021-04-28,17610.720703125,17628.810546875,17497.740234375,17567.529296875,10510700,3225.610107421875,-0.007583978595462448,14090.2197265625,-0.0034345640809080313,27.897199630737305,-0.004595712650902306
2021-04-29,17646.9296875,17709.23046875,17548.30078125,17566.66015625,10991600,3178.489990234375,-0.014608125476504474,14051.0302734375,-0.002781323065609853,27.783000946044922,-0.00704069333146462
2021-05-03,17505.51953125,17546.939453125,17222.349609375,17222.349609375,11037100,3108.989990234375,-0.029199066281225594,13962.6796875,-0.008511961175354799,27.846500396728516,-0.0066174084621314355
2021-05-04,17249.560546875,17328.55078125,16647.609375,16933.779296875,12968600,3073.3798828125,-0.011453915108678214,13895.1201171875,-0.00483858197885767,27.923999786376953,0.0041714333805620285
2021-05-05,16968.75,17052.19921875,16843.439453125,16843.439453125,8435500,3024.31005859375,-0.015966078418475638,13633.5,-0.018828201194453165,27.893199920654297,-0.00014337317494050872
2021-05-06,16925.51953125,17088.73046875,16764.7109375,16994.359375,9028200,3042.8798828125,0.006140185317964564,13582.419921875,-0.0037466591942640903,27.885000228881836,0.003671283855728902
2021-05-07,17032.23046875,17285.0,17032.23046875,17285.0,8356000,3066.219970703125,0.007670394096875199,13632.83984375,0.0037121457122524237,27.947999954223633,0.006554750473316551
2021-05-10,17274.23046875,17304.470703125,17188.150390625,17235.609375,9059300,3112.030029296875,0.014940238805908335,13752.240234375,0.008758291888812941,27.75279998779297,-0.003364889935920101
2021-05-11,17137.189453125,17137.189453125,16460.869140625,16583.130859375,12909700,2967.110107421875,-0.046567648933562134,13401.8603515625,-0.02547802225972562,27.731300354003906,-0.006900853525541817
2021-05-12,16515.880859375,16552.630859375,15165.26953125,15902.3701171875,13913300,2976.010009765625,0.002999518730864681,13389.4296875,-0.0009275327257869392,27.91699981689453,0.0008532508391987381
2021-05-13,15668.330078125,16031.9296875,15368.5400390625,15670.099609375,10615100,2851.14990234375,-0.04195554014003744,13031.6796875,-0.026718837795905892,28.02400016784668,0.004984756601180695
2021-05-14,15819.240234375,16075.48046875,15702.099609375,15827.08984375,9406800,2893.93994140625,0.015007993451107149,13124.990234375,0.007160285482193274,27.937000274658203,-0.00039357662743111366
2021-05-17,15554.990234375,15719.740234375,15159.8603515625,15353.8896484375,9443500,2981.419921875,0.030228678631886607,13429.98046875,0.023237368480184983,27.95989990234375,0.007462307033591964
2021-05-18,15564.9599609375,16153.76953125,15564.9599609375,16145.98046875,7546900,2954.6298828125,-0.008985664470119947,13379.0498046875,-0.0037923111043243196,28.05419921875,0.01164384145799624
2021-05-19,16112.2099609375,16273.98046875,16009.759765625,16132.66015625,8707800,2929.14990234375,-0.008623746959634637,13303.6396484375,-0.005636435871819501,27.965499877929688,0.0017372948867451221
2021-05-20,16122.51953125,16154.080078125,15943.4501953125,16042.3603515625,8178100,2987.280029296875,0.01984539162936394,13299.740234375,-0.0002931088157486217,27.890899658203125,-0.004749518585725254
2021-05-21,16136.8603515625,16431.140625,16136.8603515625,16302.0595703125,7531400,3066.110107421875,0.026388580029959474,13535.740234375,0.017744707478573485,27.95050048828125,0.0004832377667725041
2021-05-24,16246.51953125,16397.58984375,16136.9697265625,16338.2900390625,7333500,3052.10009765625,-0.004569310714482189,13470.990234375,-0.004783631990481263,27.948999404907227,-0.00038986181905498185
2021-05-25,16444.75,16657.599609375,16444.75,16595.669921875,9038500,3122.97998046875,0.023223315272959066,13661.169921875,0.014117721428874797,28.012399673461914,-0.0014899568140284147
2021-05-26,16645.169921875,16706.2890625,16523.23046875,16643.689453125,6816100,3134.669921875,0.0037432008784428206,13657.169921875,-0.00029280069151282895,27.820499420166016,-0.005184976431553245
2021-05-27,16591.69921875,16601.609375,16419.419921875,16601.609375,8532000,3140.97998046875,0.0020129898046732375,13738.0,0.005918508635931463,27.667999267578125,-0.007991868077279474
2021-05-28,16690.0390625,16889.009765625,16690.0390625,16870.859375,8549300,3159.27001953125,0.00582303586021915,13736.2802734375,-0.00012518027096375395,27.78700065612793,-0.00584962091186414
2021-05-31,16948.470703125,17113.330078125,16939.91015625,17068.4296875,9490500,3159.27001953125,0.00582303586021915,13736.2802734375,-0.00012518027096375395,27.6200008392334,-0.011771389769898666
2021-06-01,17098.490234375,17184.30078125,17060.44921875,17162.380859375,7821200,3186.56005859375,0.008638083764219928,13748.740234375,0.0009070840642058098,27.516700744628906,-0.017695696713288633
2021-06-02,17192.91015625,17274.66015625,17056.419921875,17165.0390625,9368700,3174.320068359375,-0.0038411296223227476,13736.48046875,-0.0008917010152208471,27.58180046081543,-0.00857996672689354
2021-06-03,17201.30078125,17311.279296875,17198.890625,17246.16015625,8355400,3196.97998046875,0.007138508915733421,13756.330078125,0.0014450287626555092,27.54400062561035,-0.004481662760237093
2021-06-04,17225.060546875,17225.060546875,17084.490234375,17147.41015625,8595000,3139.18994140625,-0.018076446964183535,13614.509765625,-0.010309458387126047,27.62380027770996,-0.005873263560814634
2021-06-07,17176.08984375,17189.23046875,16775.849609375,17083.91015625,8683700,3214.139892578125,0.02387557063154322,13814.490234375,0.014688774858050868,27.535999298095703,-0.0030413301442907548
2021-06-08,17094.33984375,17181.51953125,17056.529296875,17076.2109375,5658700,3191.659912109375,-0.006994089000500359,13881.7197265625,0.004866592327830599,27.622800827026367,0.0038558431616542155
2021-06-09,17082.51953125,17082.51953125,16907.4296875,16966.220703125,6310000,3171.219970703125,-0.006404172740554048,13924.91015625,0.0031113169361038917,27.58690071105957,0.00018491360821015768
2021-06-10,17024.5390625,17159.220703125,16978.009765625,17159.220703125,6582700,3158.47998046875,-0.004017378280936512,13911.75,-0.0009450801550839882,27.779499053955078,0.008549899179342901
2021-06-11,17200.44921875,17278.55078125,17193.609375,17213.51953125,6154800,3196.2099609375,0.011945613301987956,14020.330078125,0.007804918728772536,27.5575008392334,-0.002400083906270556
2021-06-15,17279.69921875,17371.2890625,17279.69921875,17371.2890625,6317500,3255.340087890625,0.014105664215114722,14174.1396484375,0.007443073498693664,27.63680076599121,0.0005068254682973894
2021-06-16,17357.369140625,17398.220703125,17275.01953125,17307.859375,7962000,3225.97998046875,-0.009019059953548347,14072.8603515625,-0.0071453576292487275,27.561199188232422,-0.0009316567705934808
2021-06-17,17254.83984375,17390.609375,17150.51953125,17390.609375,6398800,3201.010009765625,-0.007740274538063585,14039.6796875,-0.0023577768295566237,27.67799949645996,-0.0036537576612875045
2021-06-18,17384.740234375,17417.5,17318.5390625,17318.5390625,7976600,3231.7099609375,0.009590707644842045,14161.349609375,0.008666146563395483,27.684999465942383,0.004626639674359279
2021-06-21,17305.490234375,17305.490234375,17023.310546875,17062.98046875,7503200,3152.81005859375,-0.024414289431116454,14030.3798828125,-0.009248392997500465,27.7810001373291,0.005064917545005487
2021-06-22,17162.7109375,17270.470703125,17075.55078125,17075.55078125,8917000,3171.989990234375,0.006083440259379236,14141.48046875,0.007918572901479237,27.947500228881836,0.011242236955044449
2021-06-23,17127.58984375,17375.7890625,17127.58984375,17336.7109375,8083500,3185.429931640625,0.004237069299596774,14253.26953125,0.00790504662839453,27.950300216674805,0.014117710400950667
2021-06-24,17358.5703125,17439.630859375,17319.890625,17407.9609375,6453900,3197.219970703125,0.003701239492160946,14271.73046875,0.0012952072125995695,28.034700393676758,0.01288752452150388
2021-06-25,17471.0703125,17597.330078125,17471.0703125,17502.990234375,6766700,3253.800048828125,0.017696648539498927,14369.7099609375,0.006865284655006576,27.906099319458008,0.007986269018629422
2021-06-28,17531.8203125,17595.509765625,17481.23046875,17590.970703125,7091900,3241.47998046875,-0.0037863630753254274,14360.3896484375,-0.0006486082548177174,27.865800857543945,0.003052471825911507
2021-06-29,17621.150390625,17713.240234375,17541.140625,17598.189453125,8437900,3323.139892578125,0.025192169194753422,14500.509765625,0.009757403567579814,27.81599998474121,-0.00470525961405055
2021-06-30,17648.25,17797.26953125,17648.25,17755.4609375,7979400,3348.8701171875,0.007742744946380498,14528.330078125,0.0019185747914842732,27.875900268554688,-0.0026618657954783354
2021-07-01,17801.189453125,17863.900390625,17644.359375,17713.939453125,9647200,3345.31005859375,-0.001063062605945353,14503.9501953125,-0.0016780925737093222,27.81800079345703,-0.007729692030830626
2021-07-02,17745.689453125,17795.880859375,17676.98046875,17710.150390625,8973200,3295.06005859375,-0.015021029178121426,14522.3798828125,0.0012706667667650162,27.878999710083008,-0.0009710998683396532
2021-07-05,17783.80078125,17945.51953125,17783.80078125,17919.330078125,7425200,3295.06005859375,-0.015021029178121426,14522.3798828125,0.0012706667667650162,27.937999725341797,0.0025909489616662285
2021-07-06,17929.220703125,18008.369140625,17895.779296875,17913.0703125,6634400,3315.830078125,0.0063033811711807886,14639.330078125,0.008053101231080717,27.968799591064453,0.005493227150095814
2021-07-07,17901.25,17933.619140625,17756.8203125,17850.689453125,6893400,3307.919921875,-0.002385573465354729,14663.6396484375,0.0016605657624200187,27.896900177001953,0.0007533356140951852
2021-07-08,17880.900390625,17935.109375,17742.080078125,17866.08984375,8078500,3261.72998046875,-0.013963440015823725,14665.0595703125,9.683284021178018e-05,27.88159942626953,0.0022862402400771753
2021-07-09,17778.119140625,17778.119140625,17597.4609375,17661.48046875,6565500,3222.81005859375,-0.011932294245094677,14559.7802734375,-0.007178920506270892,27.959999084472656,0.002905390266220831
2021-07-12,17843.30078125,17947.900390625,17759.900390625,17814.330078125,6898800,3278.389892578125,0.017245767815627033,14701.919921875,0.009762485818334499,27.951000213623047,0.00046533353887379114
2021-07-13,17931.470703125,18018.0390625,17786.759765625,17847.51953125,8913100,3319.0,0.01238721102508622,14733.240234375,0.0021303552642399914,27.959199905395508,-0.0003432283762372368
2021-07-14,17892.509765625,17940.859375,17716.439453125,17845.75,7380100,3300.81005859375,-0.005480548781636063,14677.650390625,-0.0037730901597803346,28.01919937133789,0.004383970748003119
2021-07-15,17878.779296875,18034.189453125,17878.779296875,18034.189453125,5697300,3289.179931640625,-0.0035234159938545284,14644.9501953125,-0.0022278903259194127,27.96660041809082,0.0030486411673069647
2021-07-16,17839.580078125,17926.380859375,17779.609375,17895.25,6709700,3217.739990234375,-0.021719681772050747,14543.1298828125,-0.006952588512905256,27.87969970703125,-0.0028719377707705496
2021-07-19,17854.349609375,17854.349609375,17708.150390625,17789.25,5948000,3145.449951171875,-0.022466090884252776,14427.240234375,-0.00796868689005259,27.972000122070312,0.0007513115196868814
2021-07-20,17724.919921875,17724.919921875,17500.689453125,17528.740234375,6263700,3147.510009765625,0.0006549328794700493,14274.98046875,-0.010553630711868212,28.077299118041992,0.004223983985453428
2021-07-21,17593.599609375,17707.560546875,17352.240234375,17458.7890625,7703300,3190.949951171875,0.013801367198665204,14498.8798828125,0.01568474398635078,27.999099731445312,-0.000717352399195903
2021-07-22,17482.810546875,17667.380859375,17482.810546875,17572.330078125,6900500,3288.75,0.03064919548243239,14631.9501953125,0.009177971924420714,27.961599349975586,-0.00017882288302728533
2021-07-23,17603.94921875,17672.599609375,17511.859375,17572.919921875,6686500,3259.419921875,-0.00891830577727104,14684.599609375,0.0035982499502607013,27.99570083618164,0.004160773981404686
2021-07-26,17554.9296875,17637.359375,17403.560546875,17403.560546875,5927200,3280.06005859375,0.0063324570670466596,14836.990234375,0.010377581211183262,28.018299102783203,0.0016551902084527281
2021-07-27,17394.76953125,17459.349609375,17264.5,17269.869140625,6079500,3276.919921875,-0.0009573412262751102,14840.7099609375,0.00025070627558165803,28.047199249267578,-0.0010720357626945454
2021-07-28,17252.869140625,17252.869140625,16893.69921875,17135.220703125,6728900,3215.969970703125,-0.01859976826562193,14660.580078125,-0.0121375515919806,28.02389907836914,0.0008857194396139079
2021-07-29,17216.580078125,17402.810546875,17190.48046875,17402.810546875,5660700,3272.449951171875,0.017562346969428155,14762.580078125,0.006957432752077386,27.89900016784668,-0.0022387554211544813
2021-07-30,17414.76953125,17429.009765625,17237.669921875,17247.41015625,6577000,3333.239990234375,0.01857630826125578,14778.259765625,0.0010621237898131852,27.844999313354492,-0.0053830237617191745
2021-08-02,17256.609375,17503.279296875,17231.220703125,17503.279296875,5186900,3356.530029296875,0.006987207381027094,14672.6796875,-0.0071442835489050616,27.924100875854492,-0.0033620251744458374
2021-08-03,17489.119140625,17553.759765625,17456.19921875,17553.759765625,4533200,3377.489990234375,0.006244532524528168,14681.0703125,0.0005718536203818125,27.920900344848633,-0.004503084364911869
2021-08-04,17588.640625,17636.109375,17557.1796875,17623.890625,5817500,3396.659912109375,0.005675789396986319,14761.2900390625,0.005464160640535676,27.850299835205078,-0.006194685567436187
2021-08-05,17624.8203125,17643.970703125,17566.720703125,17603.119140625,6348300,3436.89990234375,0.011846929417607122,14780.5302734375,0.0013034249936207942,27.71470069885254,-0.006605952467305443
2021-08-06,17593.849609375,17593.849609375,17469.6796875,17526.279296875,5686300,3424.4599609375,-0.00361952391972975,14895.1201171875,0.0077527559316279415,27.72640037536621,-0.0042592544770292395
2021-08-09,17505.009765625,17510.08984375,17350.150390625,17485.150390625,5189400,3412.050048828125,-0.0036239034040209672,14835.759765625,-0.003985221407782014,27.82229995727539,-0.0036456292373276966
2021-08-10,17492.44921875,17524.91015625,17305.060546875,17323.640625,4788400,3399.760009765625,-0.003601951579438545,14860.1796875,0.00164601761290184,27.785600662231445,-0.004845820906421827
2021-08-11,17308.619140625,17327.19921875,17090.25,17227.1796875,5654700,3358.8701171875,-0.012027287944052278,14788.08984375,-0.00485120942451589,27.826200485229492,-0.0008653174334992686
2021-08-12,17221.349609375,17233.109375,17139.2109375,17219.939453125,4227200,3350.929931640625,-0.0023639453952818412,14765.1396484375,-0.0015519377793203892,27.791500091552734,0.0027710706146422126
2021-08-13,17216.33984375,17216.33984375,16978.109375,16982.109375,5206300,3312.9599609375,-0.011331174174846081,14816.259765625,0.003462216978957544,27.796499252319336,0.002528235761011466
2021-08-16,16941.330078125,16983.58984375,16773.5703125,16858.76953125,4958100,3335.0400390625,0.0066647585196748516,14822.900390625,0.00044819847282950853,27.808000564575195,-0.0005139543719302475
2021-08-17,16841.619140625,16870.55078125,16657.630859375,16661.359375,4136900,3322.639892578125,-0.0037181402139510045,14793.759765625,-0.0019659192352415866,27.78969955444336,0.00014751857488137787
2021-08-18,16630.990234375,16826.26953125,16418.5390625,16826.26953125,5284900,3256.820068359375,-0.019809496769654045,14656.1796875,-0.009299872399218145,27.89940071105957,0.002630622382992387
2021-08-19,16777.779296875,16777.779296875,16375.400390625,16375.400390625,5329700,3208.830078125,-0.014735229219632662,14525.91015625,-0.008888368867441265,27.842199325561523,0.0018242712283169649
2021-08-20,16426.98046875,16507.109375,16248.080078125,16341.9404296875,4562600,3235.8701171875,0.008426759412047291,14541.7900390625,0.0010932108653904926,28.01799964904785,0.007968643630907435
2021-08-23,16459.130859375,16785.2890625,16459.130859375,16741.83984375,4379900,3256.5,0.0063753741854233326,14714.66015625,0.011887815511235633,27.97100067138672,0.005861626276689957
2021-08-24,16830.630859375,16904.30078125,16779.900390625,16818.73046875,5515800,3342.010009765625,0.026258255724128654,14942.650390625,0.01549408766183169,27.901199340820312,0.00401227030751139
2021-08-25,16821.080078125,17045.859375,16821.080078125,17045.859375,4501500,3345.389892578125,0.0010113323426990117,15019.7998046875,0.005163034136896005,27.89310073852539,-0.00022581031755575243
2021-08-26,17177.390625,17201.419921875,16984.689453125,17066.9609375,4595100,3372.550048828125,0.008118681864333954,15041.8603515625,0.0014687643751494228,27.884899139404297,0.001533636525745674
2021-08-27,17061.099609375,17229.890625,17000.259765625,17209.9296875,4252800,3370.389892578125,-0.0006405112507523736,14945.8095703125,-0.006385565282822414,27.91659927368164,-0.003619115448509791
2021-08-30,17244.619140625,17396.51953125,17244.619140625,17396.51953125,3860100,3436.449951171875,0.019600123635315825,15129.5,0.012290430225497584,27.87299919128418,-0.003503681589868579
2021-08-31,17384.609375,17490.2890625,17207.5703125,17490.2890625,4900300,3446.43994140625,0.002907066995393892,15265.8896484375,0.009014815323540093,27.72920036315918,-0.006164572911727562
2021-09-01,17463.80078125,17503.9296875,17415.51953125,17473.990234375,4520700,3417.719970703125,-0.008333228256229619,15259.240234375,-0.00043557330857424414,27.568700790405273,-0.011630114240833156
2021-09-02,17455.919921875,17523.16015625,17319.759765625,17319.759765625,4558000,3399.949951171875,-0.005199378440473579,15309.3798828125,0.003285854843843916,27.671600341796875,-0.007649258350947652
2021-09-03,17380.51953125,17540.779296875,17380.51953125,17516.919921875,4494700,3411.320068359375,0.0033442013414288763,15331.1796875,0.0014239508624365182,27.62660026550293,-0.01038804925111736
2021-09-06,17534.05078125,17633.669921875,17461.0703125,17495.30078125,5068400,3411.320068359375,0.0033442013414288763,15331.1796875,0.0014239508624365182,27.60700035095215,-0.009543244288372388
2021-09-07,17534.380859375,17559.2109375,17388.369140625,17428.869140625,4347400,3430.889892578125,0.0057367305988855755,15363.51953125,0.0021094165230068906,27.533100128173828,-0.0070719758383617215
2021-09-08,17411.529296875,17447.580078125,17167.080078125,17270.490234375,4088600,3419.72998046875,-0.0032527747782045147,15374.330078125,0.0007036504137616362,27.59119987487793,0.000816109712376667
2021-09-09,17175.0390625,17319.08984375,17122.94921875,17304.330078125,3138500,3377.679931640625,-0.01229630674593818,15286.6396484375,-0.005703691103410624,27.670700073242188,-3.2534025627972696e-05
2021-09-10,17270.279296875,17474.5703125,17270.279296875,17474.5703125,3450400,3390.840087890625,0.003896211753731116,15248.25,-0.002511320298010933,27.629600524902344,0.00010860038407112249
2021-09-13,17452.16015625,17482.5703125,17387.5703125,17446.310546875,3675300,3416.659912109375,0.007614580325081555,15115.490234375,-0.008706557514796764,27.65049934387207,0.0015756508264912483
2021-09-14,17463.779296875,17529.470703125,17424.5390625,17434.900390625,3725300,3449.679931640625,0.009664415066369392,15105.580078125,-0.0006556291656001356,27.639400482177734,0.0038608203765304605
2021-09-15,17434.01953125,17439.75,17316.51953125,17354.0,3839700,3449.389892578125,-8.407709359925519e-05,15037.759765625,-0.004489752273612702,27.63559913635254,0.0016091819738159874
2021-09-16,17332.33984375,17411.369140625,17254.099609375,17278.69921875,3781900,3465.760009765625,0.004745800763990893,15161.5302734375,0.008230648031459342,27.612699508666992,-0.002096100366874465
2021-09-17,17279.2890625,17408.7109375,17235.44921875,17276.7890625,4564600,3473.60009765625,0.002262155448886638,15181.919921875,0.001344827868280607,27.69300079345703,0.002294650206670301
2021-09-22,17196.7890625,17196.7890625,16838.580078125,16925.8203125,4648700,3345.030029296875,0.0020370222746517452,14746.400390625,0.0022087957059100383,27.718599319458008,0.0030033791811767685
2021-09-23,16998.0703125,17145.25,16998.0703125,17078.220703125,3706500,3412.02001953125,0.02002672312285836,14896.849609375,0.010202436849988672,27.703899383544922,0.0033028235739611667
2021-09-24,17130.740234375,17273.58984375,17130.740234375,17260.189453125,3963900,3457.449951171875,0.013314673237722063,15052.240234375,0.010431106514105393,27.684999465942383,-0.0002889295953993898
2021-09-27,17278.109375,17335.990234375,17235.6796875,17313.76953125,4368100,3453.919921875,-0.0010209921609071193,15047.7001953125,-0.0003016188282812804,27.726999282836914,-0.001979710099755172
2021-09-28,17286.890625,17286.890625,17113.470703125,17181.439453125,3676400,3445.43994140625,-0.002455175759878858,14969.9697265625,-0.0051656045602379574,27.654199600219727,-0.004026548456758761
2021-09-29,17127.859375,17127.859375,16801.779296875,16855.4609375,4613200,3314.389892578125,-0.03803579544464131,14546.6796875,-0.028275944894625926,27.738100051879883,0.0007035251744551552
2021-09-30,16886.5703125,16994.2109375,16767.19921875,16934.76953125,4145900,3263.840087890625,-0.015251616836237547,14512.4404296875,-0.0023537507216799813,27.812400817871094,0.003916467960846548
2021-10-01,16883.0,16883.0,16503.740234375,16570.890625,5034000,3258.090087890625,-0.0017617284686628487,14448.580078125,-0.004400386817909885,27.836599349975586,0.005475885387669965
2021-10-04,16600.51953125,16680.2890625,16380.0595703125,16408.349609375,4455400,3261.179931640625,0.0009483604402111823,14566.7001953125,0.00817520590596521,27.753999710083008,0.0009737955041824176
2021-10-05,16362.26953125,16460.75,16162.169921875,16460.75,4344700,3180.06005859375,-0.02487439354689802,14255.48046875,-0.02136514944288126,27.882299423217773,0.00824828873355754
2021-10-06,16488.2109375,16568.2109375,16303.6298828125,16393.16015625,3980200,3227.25,0.014839323955132322,14433.830078125,0.01251095042120598,27.871000289916992,0.004791252385294653
2021-10-07,16465.5703125,16731.580078125,16465.5703125,16713.859375,3979100,3238.7900390625,0.003575811933534734,14501.91015625,0.004716702202846257,27.951000213623047,0.004983366831923908
2021-10-08,16742.349609375,16771.7109375,16605.490234375,16640.4296875,3630500,3274.47998046875,0.011019529199423062,14654.01953125,0.010488919967170274,27.9685001373291,0.004738394431560877
2021-10-12,16589.720703125,16589.720703125,16349.490234375,16462.83984375,3840700,3221.22998046875,-0.007713480059220568,14486.2001953125,-0.006402111692132784,28.042999267578125,0.005763507590286432
2021-10-13,16480.98046875,16543.330078125,16328.4697265625,16347.990234375,3780500,3178.14990234375,-0.013373797706530466,14465.919921875,-0.0013999719156209123,28.128700256347656,0.009246168553336487
2021-10-14,16392.509765625,16519.9609375,16347.8798828125,16387.279296875,3823900,3192.75,0.004593898370081062,14571.6396484375,0.00730819243666847,27.999500274658203,0.0017351815915165325
2021-10-15,16426.759765625,16781.189453125,16426.759765625,16781.189453125,3616300,3291.239990234375,0.03084801197537379,14823.4296875,0.017279458258460334,27.98889923095703,0.0007293595840951461
2021-10-18,16816.939453125,16862.029296875,16695.890625,16705.4609375,4145800,3314.409912109375,0.007039876139008028,14897.33984375,0.004986036147378581,28.0,-0.0017825040435112127
2021-10-19,16791.119140625,16916.720703125,16772.150390625,16900.669921875,3873500,3338.780029296875,0.007352777065523064,15021.8095703125,0.008355164604418874,27.949199676513672,-0.0033448487506434477
2021-10-20,16936.19921875,16973.859375,16855.810546875,16887.8203125,3633300,3381.449951171875,0.012780093776943335,15129.08984375,0.007141634497185745,27.8262996673584,-0.010750606541836794
2021-10-21,16904.4609375,17026.890625,16873.990234375,16889.509765625,4307800,3374.219970703125,-0.002138130261618798,15121.6796875,-0.0004897952438996933,27.805999755859375,-0.00691085615459941
2021-10-22,16900.3203125,16932.890625,16800.490234375,16888.740234375,3796200,3412.050048828125,0.011211503237329445,15215.7001953125,0.00621759683814882,27.818500518798828,-0.0060880819482079795
2021-10-25,16879.33984375,16930.98046875,16784.109375,16894.240234375,3360900,3370.280029296875,-0.012241912906757024,15090.2001953125,-0.008248059464175173,27.836999893188477,-0.005821432386125869
2021-10-26,16909.3203125,17067.150390625,16909.3203125,17034.33984375,3828200,3392.389892578125,0.00656024516926057,15226.7099609375,0.009046252790430476,27.80620002746582,-0.005116413017293597
2021-10-27,17037.369140625,17079.599609375,16973.16015625,17074.55078125,3536400,3392.9599609375,0.0001680432902544382,15235.7099609375,0.0005910666206350168,27.796300888061523,-0.0010780728898734937
2021-10-28,17081.169921875,17104.859375,16994.369140625,17041.630859375,4615900,3360.2900390625,-0.009628737813331845,15235.83984375,8.524894004491301e-06,27.762500762939453,-0.001564374354522391
2021-10-29,17058.0390625,17073.970703125,16920.6796875,16987.41015625,4554900,3438.830078125,0.02337299404202975,15448.1201171875,0.013932955164567495,27.72330093383789,-0.0034221680962496226
2021-11-01,17021.76953125,17119.4296875,17021.76953125,17068.240234375,4505300,3451.27001953125,0.0036174923225729128,15498.3896484375,0.0032540872849680103,27.816699981689453,-0.00072924207267
2021-11-02,17094.419921875,17237.08984375,17026.630859375,17065.970703125,5366000,3506.280029296875,0.015939062853475683,15595.919921875,0.0062929295010552,27.80109977722168,-0.00018342133190085708
2021-11-03,17087.890625,17153.759765625,17080.509765625,17122.16015625,4649400,3548.860107421875,0.012143946795241778,15649.599609375,0.0034419058169636862,27.85849952697754,0.002237658858511349
2021-11-04,17158.279296875,17219.650390625,17061.4609375,17078.859375,4495000,3590.169921875,0.011640305112825322,15811.580078125,0.010350454503191608,27.789499282836914,0.0009724815544536192
2021-11-05,17097.16015625,17296.900390625,17097.16015625,17296.900390625,4755100,3715.760009765625,0.03498165563847033,15940.3095703125,0.008141469198615692,27.874099731445312,0.005439424329999776
2021-11-08,17323.390625,17415.30078125,17279.4609375,17415.30078125,5609900,3756.550048828125,0.010977576311520965,15971.58984375,0.0019623378893316445,27.83009910583496,0.00048169352059468373
2021-11-09,17433.099609375,17581.51953125,17433.099609375,17541.359375,5480400,3803.330078125,0.012452923211143663,15982.3603515625,0.0006743541449454327,27.80120086669922,3.6361682935748263e-06
2021-11-10,17549.08984375,17575.439453125,17489.869140625,17559.650390625,5804300,3800.570068359375,-0.0007256824174949328,15886.5400390625,-0.005995379305199555,27.731300354003906,-0.004565901794188698
2021-11-11,17527.1796875,17527.1796875,17403.48046875,17452.51953125,6146900,3693.02001953125,-0.028298399159511378,15622.7099609375,-0.01660714526110052,27.759000778198242,-0.0010974830574765893
2021-11-12,17479.55078125,17602.05078125,17479.55078125,17518.130859375,5532600,3764.489990234375,0.019352716834770023,15704.2802734375,0.005221265241686979,27.801700592041016,-0.0025973624297046527
2021-11-15,17560.51953125,17683.189453125,17560.51953125,17634.470703125,5366800,3794.5,0.007971866001364125,15860.9599609375,0.009976877944862572,27.781299591064453,-0.0017534797337561692
2021-11-16,17639.9609375,17708.099609375,17629.80078125,17693.130859375,6220100,3793.75,-0.0001976544999341412,15853.849609375,-0.0004482926367641582,27.752500534057617,-0.0017517348576094882
2021-11-17,17705.2890625,17764.0390625,17669.580078125,17764.0390625,6399300,3859.39990234375,0.01730475185337732,15973.8603515625,0.007569817119782218,27.80069923400879,0.002502546909772363
2021-11-18,17767.060546875,17841.369140625,17748.2109375,17841.369140625,6803100,3831.43994140625,-0.0072446394892947685,15921.5703125,-0.003273475409930282,27.740699768066406,-0.0006592820209223582
2021-11-19,17864.189453125,17986.1796875,17786.05078125,17818.310546875,6246900,3899.9599609375,0.017883620930803756,15993.7099609375,0.004530938030708143,27.806400299072266,0.0001690438689421203
2021-11-22,17828.529296875,17857.73046875,17790.640625,17803.5390625,4908200,3912.02001953125,0.0030923544637753153,16057.4404296875,0.0039847207999677,27.792999267578125,0.0004211349607790016
2021-11-23,17797.900390625,17797.900390625,17650.0703125,17666.119140625,5002100,3847.1201171875,-0.016589869688735992,15854.759765625,-0.012622227368676908,27.769500732421875,0.0006125645630885579
2021-11-24,17680.16015625,17722.890625,17588.779296875,17642.51953125,4917100,3834.429931640625,-0.003298619528457114,15775.1396484375,-0.005021843179240482,27.751399993896484,-0.0017733093580608594
2021-11-25,17686.119140625,17724.5,17609.509765625,17654.189453125,4708400,3834.429931640625,-0.003298619528457114,15775.1396484375,-0.005021843179240482,27.7677001953125,0.000973314569273187
2021-11-26,17641.7890625,17641.7890625,17330.439453125,17369.390625,5676100,3870.010009765625,0.009279105045421066,15845.23046875,0.004443118848677985,27.764699935913086,-0.0014996677998831975
2021-11-29,17320.009765625,17415.630859375,17167.240234375,17328.08984375,4887500,3757.1298828125,-0.02916791601786095,15491.66015625,-0.0223139898909841,27.853900909423828,0.0021912583546441766
2021-11-30,17369.7890625,17535.23046875,17369.7890625,17427.759765625,6132900,3910.5400390625,0.04083174152477276,15782.830078125,0.01879526912792029,27.7455997467041,-0.0008606919493466814
2021-12-01,17428.609375,17626.2109375,17374.58984375,17585.990234375,4219800,3833.219970703125,-0.019772222656467497,15537.6904296875,-0.01553204635822969,27.578699111938477,-0.006223141246783581
2021-12-02,17575.91015625,17741.55078125,17559.439453125,17724.880859375,4988600,3810.75,-0.0058619048410633035,15254.0498046875,-0.018255005548189707,27.60449981689453,-0.005877345882808083
2021-12-03,17720.9296875,17781.140625,17670.3203125,17697.140625,4400000,3810.820068359375,1.8387026011978946e-05,15381.3203125,0.008343391390618793,27.678699493408203,-0.0030974742281887346
2021-12-06,17650.669921875,17763.419921875,17585.94921875,17688.2109375,3850100,3804.5400390625,-0.0016479469469097285,15085.4697265625,-0.019234407705369105,27.65719985961914,-0.007061885171643523
2021-12-07,17734.189453125,17796.919921875,17642.3203125,17796.919921875,5417700,3800.070068359375,-0.0011749043661599679,15225.150390625,0.009259285033501596,27.65920066833496,-0.0031139740772554436
2021-12-08,17845.060546875,17988.880859375,17832.419921875,17832.419921875,5272600,3988.75,0.04965169805989511,15686.919921875,0.03032939047579708,27.742599487304688,0.005943006038862109
2021-12-09,17880.41015625,17925.119140625,17807.119140625,17914.119140625,5266100,3964.43994140625,-0.006094655868066456,15786.990234375,0.006379219948745574,27.630699157714844,0.0009490967412595364
2021-12-10,17893.2890625,17893.2890625,17767.80078125,17826.259765625,4629000,3879.52001953125,-0.02142040821152602,15517.3701171875,-0.017078626969719846,27.68560028076172,0.0002493176153437471
2021-12-13,17841.029296875,17919.349609375,17767.599609375,17767.599609375,4799000,3914.669921875,0.009060374006781613,15630.599609375,0.007296951180025157,27.63599967956543,-0.0007665338559694757
2021-12-14,17754.380859375,17754.380859375,17566.990234375,17599.369140625,4871000,3814.429931640625,-0.02560624324269034,15413.2802734375,-0.01390345484936839,27.745899200439453,0.0031345277524144066
2021-12-15,17592.869140625,17678.779296875,17556.869140625,17660.099609375,3773800,3794.409912109375,-0.00524849581458664,15237.6396484375,-0.0113954084973521,27.78420066833496,0.0014995415642038434
2021-12-16,17719.060546875,17814.3203125,17719.060546875,17785.740234375,4322400,3934.4599609375,0.03690957278526308,15565.580078125,0.021521734156584316,27.739700317382812,0.0039449294802782475
2021-12-17,17744.5390625,17822.740234375,17718.26953125,17812.58984375,5154400,3766.320068359375,-0.0427351896441871,15180.4296875,-0.024743722282876468,27.757699966430664,0.002604230536371821
2021-12-20,17812.810546875,17812.810546875,17646.390625,17669.109375,3798200,3761.0400390625,-0.0014019066890337273,15169.6796875,-0.0007081485979841817,27.827199935913086,0.0069185214417639695
2021-12-21,17686.83984375,17825.890625,17652.3203125,17789.26953125,3555900,3732.389892578125,-0.007617612731269041,14980.9404296875,-0.012441874957189958,27.815399169921875,0.002504873566372634
2021-12-22,17805.740234375,17870.16015625,17799.720703125,17826.830078125,3538900,3857.300048828125,0.03346653480612627,15341.08984375,0.02404050772065003,27.730199813842773,-0.0019435813589459006
2021-12-23,17855.779296875,17960.990234375,17855.779296875,17946.66015625,3851000,3891.919921875,0.008975156873625378,15521.8896484375,0.011785329890441787,27.711000442504883,-0.0010346137322884141
2021-12-24,17966.349609375,18039.849609375,17953.5703125,17961.640625,3834800,3891.919921875,0.008975156873625378,15521.8896484375,0.011785329890441787,27.62470054626465,-0.004791442386323785
2021-12-27,17975.41015625,18099.779296875,17975.41015625,18048.939453125,3701200,3932.389892578125,0.010398459247750402,15653.3701171875,0.008470648337796538,27.67930030822754,-0.005314930284978869
2021-12-28,18099.7109375,18197.359375,18099.7109375,18196.810546875,3899900,4039.510009765625,0.027240461936308913,15871.259765625,0.013919663740542099,27.683700561523438,-0.004734737315610804
2021-12-29,18209.140625,18283.25,18192.859375,18248.279296875,3983900,3992.18994140625,-0.011714308974350218,15781.7197265625,-0.005641646623189445,27.53499984741211,-0.007039255675800105
2021-12-30,18270.0,18291.25,18216.44921875,18218.83984375,4082900,3999.35009765625,0.0017935409775311495,15766.2197265625,-0.000982148984303155,27.617399215698242,-0.0033777642565032684
2022-01-03,18260.23046875,18379.689453125,18238.470703125,18270.509765625,4309600,3946.169921875,-0.0014853384908752876,15644.9697265625,-0.00613597676383737,27.70210075378418,0.0008237363409746568
2022-01-04,18395.140625,18526.349609375,18395.140625,18526.349609375,4231400,4027.219970703125,0.020538915057569218,15832.7998046875,0.012005780861697346,27.62470054626465,-0.002131218517107847
2022-01-05,18598.130859375,18619.609375,18446.51953125,18499.9609375,4261600,4009.0,-0.004524205490554323,15622.7197265625,-0.013268662568625578,27.515499114990234,-0.0007082161804953246
2022-01-06,18395.720703125,18427.150390625,18253.8203125,18367.919921875,3411400,3879.8701171875,-0.03220999820715886,15100.169921875,-0.033448068827544475,27.596399307250977,-0.0007603868953499626
2022-01-07,18388.16015625,18444.119140625,18134.41015625,18169.759765625,4727900,3909.0400390625,0.007518272775622004,15080.8603515625,-0.0012787651008169254,27.6200008392334,-0.0013992017860683381
2022-01-10,18095.390625,18243.259765625,18043.970703125,18239.380859375,3440300,3796.320068359375,-0.028835716589425964,14935.900390625,-0.009612181106264384,27.658000946044922,-0.0015919300897507815
2022-01-11,18266.5390625,18293.529296875,18135.4296875,18288.2109375,4694000,3805.389892578125,0.002389109467966888,14942.830078125,0.0004639618180870553,27.598899841308594,-0.0009339722945718165
2022-01-12,18348.390625,18394.69921875,18255.380859375,18375.400390625,4196200,3875.43994140625,0.018408113440556484,15153.4501953125,0.014095062052256635,27.62700080871582,0.004052323138301395
2022-01-13,18356.2109375,18459.73046875,18346.810546875,18436.9296875,4599500,3901.2099609375,0.006649572673263826,15188.3896484375,0.0023057094374328013,27.598600387573242,7.975969247864256e-05
2022-01-14,18509.0,18509.0,18213.439453125,18403.330078125,4559700,3811.840087890625,-0.022908244862934413,14806.8095703125,-0.025123142542254673,27.56599998474121,-0.001955135874416092
2022-01-17,18512.150390625,18535.419921875,18435.01953125,18525.439453125,3172100,3811.840087890625,-0.022908244862934413,14806.8095703125,-0.025123142542254673,27.538000106811523,-0.004338738705935263
2022-01-18,18492.810546875,18575.41015625,18378.640625,18378.640625,3163500,3900.610107421875,0.02328797050360354,14893.75,0.005871651774452147,27.4237003326416,-0.006348061323979359
2022-01-19,18275.1796875,18359.140625,18199.349609375,18227.4609375,3422100,3727.239990234375,-0.0444469230230472,14506.900390625,-0.025973956147712918,27.516199111938477,-0.004010630670499227
2022-01-20,18212.259765625,18292.140625,18125.19921875,18218.279296875,3209300,3612.18994140625,-0.030867357382289295,14340.259765625,-0.011486990364095284,27.54759979248047,-0.0018479413584949755
2022-01-21,18113.939453125,18113.939453125,17851.390625,17899.30078125,4160500,3494.75,-0.03251211683528743,14154.01953125,-0.012987228782384785,27.615699768066406,0.0018029377984729589
2022-01-24,17843.330078125,18004.44921875,17682.330078125,17989.0390625,3586500,3434.7900390625,-0.017157153140424874,13768.919921875,-0.02720779129382689,27.691200256347656,0.005563227138569049
2022-01-25,17890.7109375,17890.7109375,17645.66015625,17701.119140625,3506500,3479.949951171875,0.01314779407060973,13855.1298828125,0.0062611999653316985,27.66390037536621,0.0087588487261403
2022-01-26,17657.970703125,17776.419921875,17633.029296875,17674.400390625,2897700,3350.85009765625,-0.03709819259674996,13539.2900390625,-0.02279587751406098,27.697999954223633,0.006607047781038933
2022-02-07,17750.69921875,17900.30078125,17712.349609375,17900.30078125,0,3453.070068359375,0.005978068561084848,14098.009765625,0.01579308962791215,27.799999237060547,-0.0009702960280236761
2022-02-08,17955.94921875,18063.55078125,17955.94921875,17966.560546875,4040800,3452.330078125,-0.00021429922351001718,14015.669921875,-0.0058405296292791675,27.826000213623047,0.002002172162080207
2022-02-09,18060.330078125,18168.599609375,18039.23046875,18151.759765625,3901200,3535.1298828125,0.023983745126847644,14194.4501953125,0.012755742282319904,27.805200576782227,0.0022673153681120883
2022-02-10,18217.2890625,18338.05078125,18145.0390625,18338.05078125,3618700,3653.719970703125,0.03354617562064699,14490.3701171875,0.020847579004696026,27.78070068359375,0.0010775006630852069
2022-02-11,18258.810546875,18310.939453125,18191.75,18310.939453125,3541200,3536.10009765625,-0.03219181381988623,14185.6396484375,-0.021029860954935087,27.826400756835938,0.002973643102604173
2022-02-14,18182.73046875,18182.73046875,17965.220703125,17997.669921875,3594200,3365.25,-0.048315967573850815,13791.150390625,-0.027809056735481952,27.9060001373291,0.0038129821286916332
2022-02-15,17978.439453125,18085.91015625,17942.6796875,17951.810546875,3611800,3370.199951171875,0.0014709014699874068,13790.919921875,-1.6711350646736456e-05,27.861799240112305,0.0012865315249919185
2022-02-16,18109.169921875,18233.7890625,18109.169921875,18231.470703125,3822800,3554.449951171875,0.05467034676560756,14139.759765625,0.025294892996708285,27.82069969177246,0.000557417845177266
2022-02-17,18213.30078125,18330.630859375,18190.240234375,18268.5703125,5115800,3555.68994140625,0.00034885573053755614,14124.08984375,-0.0011082169806798658,27.810800552368164,0.001083481266985764
2022-02-18,18250.369140625,18262.9609375,18098.51953125,18232.349609375,4870600,3422.60009765625,-0.03743010384571499,13716.7197265625,-0.02884222075150311,27.836700439453125,0.0003701406699052612
2022-02-21,18196.400390625,18253.099609375,18129.650390625,18221.490234375,4487800,3422.60009765625,-0.03743010384571499,13716.7197265625,-0.02884222075150311,27.8700008392334,-0.0012900199927809997
2022-02-22,18159.509765625,18159.509765625,17840.380859375,17969.2890625,5056200,3384.300048828125,-0.01119033709323869,13548.0703125,-0.012295170961021396,27.812400817871094,-0.0017729803382580123
2022-02-23,17954.75,18109.279296875,17954.75,18055.73046875,3709000,3356.070068359375,-0.008341453199022686,13381.51953125,-0.012293321292873194,27.837400436401367,0.0006002992309299682
2022-02-24,17939.529296875,17939.529296875,17561.0703125,17594.55078125,6003200,3277.800048828125,-0.023321926520298297,13037.490234375,-0.025709284814148692,27.872699737548828,0.0022257246807444453
2022-02-25,17617.359375,17737.3203125,17554.970703125,17652.1796875,5029500,3399.159912109375,0.03702479146787452,13473.58984375,0.03344965952305512,28.06719970703125,0.008280409098035069
2022-03-01,17657.5,17944.5,17657.5,17898.25,4576900,3429.530029296875,-0.006702028604448462,13751.400390625,0.004146173676350395,27.97559928894043,0.0058678311210182965
2022-03-02,17864.109375,17918.98046875,17784.640625,17867.599609375,4013600,3304.85009765625,-0.03635481555068554,13532.4599609375,-0.015921318808865603,28.04680061340332,0.007522260474010833
2022-03-03,17932.150390625,18026.029296875,17906.240234375,17934.400390625,4006800,3416.159912109375,0.03368074531793863,13752.01953125,0.01622466062683925,27.970500946044922,0.003508853086245489
2022-03-04,17845.009765625,17845.009765625,17710.5390625,17736.51953125,4422400,3339.760009765625,-0.02236426405945835,13537.9404296875,-0.015567102786323672,28.050500869750977,-0.0005949591499891937
2022-03-07,17581.5703125,17581.5703125,17135.6796875,17178.689453125,5833800,3258.919921875,-0.024205358365344987,13313.4404296875,-0.016583024660655976,28.125999450683594,0.005836339130292467
2022-03-08,17000.0,17113.669921875,16764.779296875,16825.25,5875900,3098.929931640625,-0.049092949219300186,12830.9599609375,-0.03624010422385804,28.27589988708496,0.010734375876739533
2022-03-09,16944.080078125,17072.740234375,16944.080078125,17015.359375,3963600,3156.8701171875,0.018696836270899686,12795.5498046875,-0.0027597433362587243,28.30340003967285,0.009148973168330077
2022-03-10,17224.73046875,17478.4296875,17224.73046875,17433.19921875,4493300,3282.179931640625,0.039694320577485565,13255.5498046875,0.03594999879032046,28.26799964904785,0.01063615927282835
2022-03-11,17373.8203125,17373.900390625,17239.900390625,17264.740234375,3114900,3211.070068359375,-0.021665437228392648,13129.9599609375,-0.009474510344760545,28.30069923400879,0.008919568510365572
2022-03-14,17287.900390625,17363.0390625,17217.580078125,17263.0390625,3432300,3144.14990234375,-0.020840456480545222,12843.8095703125,-0.021793698646173865,28.410999298095703,0.010132967822595207
2022-03-15,17177.26953125,17177.26953125,16911.94921875,16926.060546875,4138100,3047.5,-0.03073959745739352,12581.2197265625,-0.02044485651336314,28.51099967956543,0.00831449373563009
2022-03-16,17007.580078125,17085.76953125,16808.4296875,16940.830078125,4846600,3180.239990234375,0.04355701074138629,12948.6201171875,0.02920228710808659,28.51889991760254,0.00761392191848409
2022-03-17,17172.810546875,17472.94921875,17172.810546875,17448.220703125,5028900,3340.070068359375,0.05025723801216042,13436.5498046875,0.03768198333754036,28.378999710083008,0.003926703778592167
2022-03-18,17439.91015625,17472.380859375,17359.5,17456.51953125,4984000,3364.550048828125,0.007329181714075261,13614.7802734375,0.013264600759922862,28.17799949645996,-0.004335572649080688
2022-03-21,17503.94921875,17603.990234375,17503.94921875,17560.359375,3703600,3432.300048828125,0.020136422111954433,13893.83984375,0.02049681043012841,28.356000900268555,-0.0019358135646723174
2022-03-22,17512.41015625,17573.2890625,17468.55078125,17559.7109375,3448800,3423.239990234375,-0.0026396464367511863,13838.4599609375,-0.003985930702764762,28.40999984741211,-0.0035424865240943904
2022-03-23,17581.619140625,17738.689453125,17581.619140625,17731.369140625,3950500,3445.85009765625,0.006604885280136807,14108.8203125,0.019536881439528697,28.46739959716797,-0.0018058312411546318
2022-03-24,17711.169921875,17711.169921875,17603.220703125,17699.060546875,3883600,3360.320068359375,-0.024821169485883754,13922.599609375,-0.013198885448984954,28.55970001220703,0.006367395044576618
2022-03-25,17695.80078125,17747.130859375,17633.859375,17676.94921875,3872300,3532.719970703125,0.05130460754826904,14191.83984375,0.0193383593530696,28.651500701904297,0.016803932639143593
2022-03-28,17510.150390625,17527.150390625,17368.66015625,17520.009765625,3202100,3525.340087890625,-0.0020890087167115823,14169.2998046875,-0.0015882393904287362,28.66900062561035,0.011038218204416639
2022-03-29,17568.3203125,17585.91015625,17493.009765625,17548.66015625,3429900,3547.169921875,0.006192263282444488,14354.900390625,0.013098783178834283,28.783700942993164,0.013153857711657002
2022-03-30,17572.900390625,17770.0703125,17572.900390625,17740.560546875,3739000,3625.580078125,0.0221049901687691,14619.6396484375,0.018442430849983316,28.628299713134766,0.005652083374092287
2022-03-31,17754.099609375,17767.810546875,17682.529296875,17693.470703125,3422500,3508.6201171875,-0.032259654570362395,14442.26953125,-0.012132317995023678,28.52560043334961,-0.0011939753863957625
2022-04-01,17657.759765625,17657.759765625,17465.609375,17625.58984375,3396600,3429.0,-0.022692715235105965,14220.51953125,-0.015354234978109282,28.615699768066406,-0.0012495308434405938
2022-04-06,17484.189453125,17528.990234375,17381.0703125,17522.5,4241200,3269.820068359375,-0.04529405831446409,14204.169921875,-0.02259616428127298,28.653200149536133,0.000869783977772931
2022-04-07,17430.130859375,17438.599609375,17178.630859375,17178.630859375,4863100,3193.9599609375,-0.023200086193102876,13888.8203125,-0.022201199444210284,28.725400924682617,0.0070042519104844825
2022-04-08,17210.400390625,17316.689453125,17210.400390625,17284.5390625,3538700,3197.43994140625,0.0010895504362329334,13897.2998046875,0.000610526451974458,28.7987003326416,0.006395110588188979
2022-04-11,17273.05078125,17316.349609375,17046.669921875,17048.369140625,4584600,3120.159912109375,-0.02416934507388646,13711.0,-0.013405467774730062,28.891000747680664,0.007778759794888845
2022-04-12,17005.83984375,17100.849609375,16905.130859375,16990.91015625,4100800,3055.090087890625,-0.020854644009178247,13411.9599609375,-0.02181022821548395,29.0310001373291,0.01547828961023523
2022-04-13,17080.400390625,17333.2109375,17080.400390625,17301.650390625,4058700,3047.469970703125,-0.002494236493288282,13371.5703125,-0.0030114650323394,29.038000106811523,0.013429563024974112
2022-04-14,17353.25,17374.140625,17245.650390625,17245.650390625,4429600,3119.320068359375,0.02357696658112518,13643.58984375,0.020343125369180592,28.86669921875,0.004918932008568522
2022-04-15,17139.33984375,17141.330078125,17004.1796875,17004.1796875,4078400,3119.320068359375,0.02357696658112518,13643.58984375,0.020343125369180592,28.96619987487793,0.005816218798126771
2022-04-18,16958.66015625,16999.359375,16845.509765625,16898.869140625,4020900,3028.219970703125,-0.029205113826028306,13351.080078125,-0.0214393549626527,29.111000061035156,0.007614804183346147
2022-04-19,16926.33984375,17106.259765625,16926.33984375,16993.400390625,3514900,3085.18994140625,0.018813022585640438,13332.3603515625,-0.0014021132712079831,29.214000701904297,0.006303625907117416
2022-04-20,17057.130859375,17148.880859375,16983.55078125,17148.880859375,4801300,3153.22998046875,0.022053760175130943,13619.66015625,0.021549057864598486,29.253700256347656,0.0074282026566125925
2022-04-21,17159.880859375,17213.66015625,17106.369140625,17127.94921875,3952000,3142.199951171875,-0.00349800977575232,13453.0703125,-0.012231571260869711,29.16349983215332,0.01028176485140131
2022-04-22,17088.759765625,17088.759765625,16923.869140625,17025.08984375,4322500,3058.739990234375,-0.02656099619197494,13174.650390625,-0.020695641619913663,29.288999557495117,0.011144012124874925
2022-04-25,16912.30078125,16912.30078125,16579.890625,16620.900390625,4528800,2989.830078125,-0.022528855780283186,12839.2900390625,-0.025454971602217213,29.31100082397461,0.006870281423521085
2022-04-26,16677.83984375,16729.470703125,16582.109375,16644.7890625,3941900,3042.389892578125,0.017579532307764767,13004.849609375,0.012894760520932191,29.193700790405273,-0.0006948692753916408
2022-04-27,16427.3203125,16427.3203125,16219.41015625,16303.349609375,4261400,2909.1201171875,-0.043804305199585114,12490.740234375,-0.039532127663313155,29.30069923400879,0.0016065994130411987
2022-04-28,16350.7197265625,16455.5703125,16256.8798828125,16419.380859375,3635500,2894.909912109375,-0.004884708951744199,12488.9296875,-0.00014495112707713087,29.37470054626465,0.007241953651889066
2022-04-29,16599.83984375,16663.66015625,16521.939453125,16592.1796875,3416300,3056.360107421875,0.05577036944643976,12871.5302734375,0.03063517815465322,29.452699661254883,0.005589132651609319
2022-05-03,16593.2109375,16604.869140625,16465.990234375,16498.900390625,2457700,3022.239990234375,0.035105865708189965,12536.01953125,0.016326369359157544,29.484600067138672,0.009964453592982148
2022-05-04,16531.369140625,16617.060546875,16514.30078125,16565.830078125,2630000,3044.889892578125,0.007494408920845963,12563.759765625,0.002212842306591023,29.422100067138672,0.004143274266607877
2022-05-05,16689.98046875,16783.779296875,16650.810546875,16696.119140625,3215900,3163.7900390625,0.03904907917169442,12964.8603515625,0.0319252033961146,29.239999771118164,-0.004585605049295172
2022-05-06,16491.109375,16491.109375,16312.169921875,16408.19921875,3186200,3005.530029296875,-0.050022285869678274,12317.6904296875,-0.04991723044645091,29.606700897216797,0.0052287646882334116
2022-05-09,16345.83984375,16345.83984375,16048.919921875,16048.919921875,3742000,2982.06005859375,-0.007808929032266487,12144.66015625,-0.014047298430269972,29.649999618530273,0.007338438647805479
2022-05-10,15891.400390625,16071.5,15734.4404296875,16061.7001953125,3489400,2829.10009765625,-0.051293387098860554,11623.25,-0.0429332850439349,29.750999450683594,0.009035204240122274
2022-05-11,16053.75,16081.150390625,15953.26953125,16006.25,2938300,2900.1298828125,0.025106847656289677,11737.669921875,0.0098440558256081,29.641700744628906,0.00746380023822657
2022-05-12,15943.6201171875,15943.6201171875,15616.6796875,15616.6796875,4040900,2811.93994140625,-0.030408962691258812,11364.240234375,-0.03181463527135442,29.68899917602539,0.015355656922772187
2022-05-13,15687.150390625,15860.6904296875,15687.150390625,15832.5400390625,3216400,2827.2099609375,0.005430421648199735,11370.9599609375,0.0005913045152083907,29.821500778198242,0.007255110311923829
2022-05-16,15943.6904296875,16032.849609375,15847.4599609375,15901.0400390625,3298100,2970.3701171875,0.05063654918735794,11805.0,0.03817092317214654,29.781999588012695,0.004451938319753879
2022-05-17,15915.9296875,16085.849609375,15915.9296875,16056.08984375,2799500,2920.06005859375,-0.01693730296525675,11662.7900390625,-0.012046587118805574,29.71190071105957,-0.0013141991982096313
2022-05-18,16174.7802734375,16316.580078125,16172.7998046875,16296.8603515625,3405600,3066.5,0.050149633386914916,11984.51953125,0.027585979950759842,29.60580062866211,-0.0012111354971189314
2022-05-19,16111.490234375,16111.490234375,15892.73046875,16020.3203125,3423100,2907.9599609375,-0.051700648642589275,11418.150390625,-0.04725839355913897,29.74020004272461,0.0017245736845372672
2022-05-20,16061.919921875,16181.66015625,16058.2001953125,16144.849609375,2836000,2890.330078125,-0.006062629145284437,11388.5,-0.0025967770269819113,29.600500106811523,-0.007410783012915534
2022-05-23,16193.919921875,16249.4501953125,16125.4501953125,16156.41015625,3295600,2882.64990234375,-0.002657196781563509,11354.6201171875,-0.002974920561311878,29.71299934387207,-0.002316843902193777
2022-05-24,16166.5703125,16219.7998046875,15963.6298828125,15963.6298828125,2961400,2898.429931640625,0.005474140055663712,11535.26953125,0.015909771722706134,29.489999771118164,-0.007468419543378735
2022-05-25,15987.740234375,16169.1796875,15980.900390625,16104.0302734375,3107300,2827.050048828125,-0.02462708586924378,11264.4501953125,-0.023477503945948386,29.531700134277344,-0.0025029045934000793
2022-05-26,16128.2099609375,16179.009765625,15949.6103515625,15968.830078125,3062100,2882.929931640625,0.019766145574841687,11434.740234375,0.015117474542464926,29.40999984741211,-0.011102823613766466
2022-05-27,16075.91015625,16266.2197265625,16075.91015625,16266.2197265625,2951400,2994.610107421875,0.0387384287614978,11740.650390625,0.026752698354298943,29.312999725341797,-0.009712686624627986
2022-05-30,16368.9296875,16610.619140625,16368.9296875,16610.619140625,3342400,2994.610107421875,0.0387384287614978,11740.650390625,0.026752698354298943,29.29599952697754,-0.01403425524527302
2022-05-31,16561.6796875,16807.76953125,16493.0703125,16807.76953125,5523600,3115.35009765625,0.0403191019542517,12131.1298828125,0.03325876158439245,28.83099937438965,-0.022346571781730717
2022-06-01,16718.91015625,16811.0390625,16649.91015625,16675.08984375,3097600,3098.68994140625,-0.005347763727272192,12081.3896484375,-0.0041002144775873495,28.991500854492188,-0.01829218356305018
2022-06-02,16605.4609375,16617.259765625,16540.55078125,16552.5703125,2638200,3049.030029296875,-0.016026099109108793,11994.4599609375,-0.007195338452745226,29.128299713134766,-0.009578379317881303
2022-06-06,16570.890625,16654.119140625,16509.009765625,16605.9609375,2873700,3062.590087890625,-0.03020598394166074,12012.73046875,-0.024695330174669516,29.361000061035156,0.0022187511983593478
2022-06-07,16593.75,16593.75,16465.869140625,16512.880859375,2437900,3062.739990234375,4.894626425611115e-05,12061.3701171875,0.004049008555051747,29.38129997253418,0.019087114914003278
2022-06-08,16538.669921875,16702.990234375,16538.669921875,16670.509765625,2409700,3092.969970703125,0.009870240557520171,12175.23046875,0.009440084373188107,29.405000686645508,0.014262794955965497
2022-06-09,16643.94921875,16643.94921875,16557.5390625,16621.33984375,2366400,3019.10009765625,-0.02388315235730598,12086.26953125,-0.0073067148690396655,29.438800811767578,0.010659774229554442
2022-06-10,16581.810546875,16581.810546875,16403.330078125,16460.119140625,2373300,2937.7900390625,-0.026931885649260745,11754.23046875,-0.027472419148148797,29.5856990814209,0.016655759323157104
2022-06-13,16295.0703125,16295.0703125,16055.8896484375,16070.98046875,3106700,2831.97998046875,-0.036016889289854026,11340.01953125,-0.03523930712446288,29.642000198364258,0.009570523372669948
2022-06-14,15975.169921875,16067.7998046875,15869.0595703125,16047.3701171875,3086200,2673.0,-0.056137395590782235,10809.23046875,-0.04680671501819644,29.68869972229004,0.010462428484893982
2022-06-15,16025.83984375,16106.75,15981.5595703125,15999.25,2967000,2689.889892578125,0.0063187027976523424,10828.349609375,0.001768779070838944,29.577699661254883,0.0058731158162430575
2022-06-16,16098.2900390625,16209.25,15838.2900390625,15838.6103515625,3636900,2737.550048828125,0.017718255450345,11099.150390625,0.0250085000040583,29.405000686645508,-0.0011481488440439058
2022-06-17,15794.16015625,15794.16015625,15573.3798828125,15641.259765625,4373500,2566.860107421875,-0.06235135006182557,10646.099609375,-0.040818510003493014,29.695999145507812,0.00372815473392607
2022-06-20,15649.2001953125,15667.6796875,15367.580078125,15367.580078125,3998700,2566.860107421875,-0.06235135006182557,10646.099609375,-0.040818510003493014,29.70199966430664,0.0020241368848548102
2022-06-21,15427.330078125,15728.6396484375,15427.330078125,15728.6396484375,3553500,2578.5400390625,0.004550279778338329,10798.349609375,0.014301012162795113,29.702999114990234,0.00048164429004815545
2022-06-22,15687.4599609375,15687.4599609375,15346.9501953125,15347.75,3950300,2649.3701171875,0.027469062745580697,11069.2998046875,0.0250918154268005,29.724000930786133,0.004946336977073917
2022-06-23,15305.509765625,15380.2802734375,15102.400390625,15176.4404296875,3916600,2619.7099609375,-0.011195172791292118,11053.080078125,-0.0014652893000179912,29.67169952392578,0.009069846320438835
2022-06-24,15232.33984375,15424.3701171875,15232.33984375,15303.3203125,3081400,2602.739990234375,-0.00647780516017582,11232.1904296875,0.01620456472734455,29.613100051879883,-0.0027915913258796943
2022-06-27,15409.080078125,15656.349609375,15409.080078125,15548.009765625,3120800,2718.469970703125,0.04446467219275663,11607.6201171875,0.03342444110524623,29.694000244140625,-0.00026932261317169637
2022-06-28,15519.5595703125,15533.33984375,15375.650390625,15439.919921875,3094700,2713.47998046875,-0.0018355877711182522,11524.5498046875,-0.007156532662280779,29.43000030517578,-0.00919095101331635
2022-06-29,15365.5400390625,15365.5400390625,15218.0703125,15240.1298828125,3239700,2642.070068359375,-0.02631672708970534,11181.5400390625,-0.029763398261811846,29.67099952697754,-0.001783118091403968
2022-06-30,15146.919921875,15147.76953125,14825.73046875,14825.73046875,3673000,2583.97998046875,-0.021986581122996784,11177.8896484375,-0.0003264658188628644,29.665000915527344,-0.00022575748965902864
2022-07-01,14812.1298828125,14812.1298828125,14336.0302734375,14343.080078125,4290300,2556.25,-0.01073149973233134,11028.740234375,-0.013343253400551203,29.65570068359375,0.0014385738622175737
2022-07-04,14237.830078125,14412.4697265625,14167.099609375,14217.0595703125,3244400,2556.25,-0.01073149973233134,11028.740234375,-0.013343253400551203,29.79599952697754,0.0034350132012623824
2022-07-05,14345.5400390625,14488.7998046875,14100.8896484375,14349.2001953125,3468200,2458.4599609375,-0.038255272004889984,11127.849609375,0.008986463811260226,29.690000534057617,0.008834530281540909
2022-07-06,14289.669921875,14319.3203125,13985.509765625,13985.509765625,3688700,2477.639892578125,0.0078016042341040315,11322.240234375,0.01746884005659366,29.78070068359375,0.0036972518069864346
2022-07-07,14052.1796875,14355.150390625,13951.8095703125,14336.26953125,3460100,2494.110107421875,0.00664754183732974,11361.849609375,0.003498369066551321,29.788000106811523,0.004146272964373976
2022-07-08,14462.5,14552.419921875,14373.83984375,14464.5302734375,3508600,2605.889892578125,0.044817502171864865,11621.349609375,0.0228395911688426,29.75200080871582,0.0032472719545402207
2022-07-11,14478.3095703125,14525.0302734375,14313.9404296875,14340.5302734375,2620100,2618.02001953125,0.004654888522985123,11635.3095703125,0.001201234056863676,29.75200080871582,-0.001476665289307788
2022-07-12,14235.6298828125,14235.6298828125,13928.66015625,13950.6201171875,3120000,2553.68994140625,-0.024572034455457747,11372.599609375,-0.02257868253095774,29.86319923400879,0.005833570119087472
2022-07-13,14194.9404296875,14403.509765625,14194.9404296875,14324.6796875,3342700,2558.169921875,0.0017543165268854022,11264.73046875,-0.009485002930735176,29.864999771118164,0.002830661656354261
2022-07-14,14252.01953125,14450.4697265625,14159.3896484375,14438.51953125,2947600,2577.360107421875,0.007501528879211294,11247.580078125,-0.0015224856620029703,29.766000747680664,-0.0007385309202355694
2022-07-15,14483.9599609375,14579.73046875,14378.330078125,14550.6201171875,3025600,2626.919921875,0.01922890569711644,11251.1904296875,0.00032098918500000906,29.918699264526367,0.005602932618962386
2022-07-18,14589.099609375,14719.6396484375,14589.099609375,14719.6396484375,3117300,2693.77001953125,0.025448091165464648,11452.419921875,0.01788517343520679,29.910999298095703,0.005344127623621908
2022-07-19,14638.4501953125,14720.1298828125,14598.990234375,14694.080078125,2964100,2679.570068359375,-0.0052714044142291305,11360.0498046875,-0.008065554513161488,29.81999969482422,-0.0014465810861742368
2022-07-20,14810.400390625,14906.9501953125,14694.2001953125,14733.2197265625,3539900,2803.139892578125,0.0461155413242873,11713.150390625,0.031082661784792576,29.785999298095703,-0.002645252758342931
2022-07-21,14744.169921875,14937.7001953125,14716.01953125,14937.7001953125,3418100,2872.9599609375,0.024907807328573783,11897.650390625,0.01575152660446255,29.880699157714844,0.003853336261275153
2022-07-22,14953.26953125,14996.240234375,14902.3203125,14949.3603515625,3674900,2916.81005859375,0.015263038208837676,12059.6103515625,0.013612768540006925,29.880300521850586,-0.0012834362328482118
2022-07-25,14902.25,14968.23046875,14851.3701171875,14936.330078125,2629600,2842.409912109375,-0.025507367634437172,11834.1103515625,-0.018698779929550824,29.801000595092773,-0.0036775335356292738
2022-07-26,14912.41015625,14912.41015625,14750.7099609375,14806.7802734375,2617400,2825.030029296875,-0.006114488532585449,11782.669921875,-0.004346793139435978,29.827999114990234,0.00026825688289333627
2022-07-27,14791.7099609375,14921.58984375,14717.01953125,14921.58984375,2569700,2778.9599609375,-0.016307815450316232,11562.5703125,-0.01867994358107039,29.920299530029297,0.004508837544429101
2022-07-28,14978.9501953125,15031.990234375,14849.9404296875,14891.900390625,2911200,2911.0,0.04751419269025936,12032.419921875,0.040635394784761525,29.85930061340332,-0.0007161326513338562
2022-07-29,14950.1796875,15035.26953125,14929.490234375,15000.0703125,3117200,2944.5,0.011508072827207227,12162.58984375,0.010818266210801841,29.915000915527344,0.0011613134095282973
2022-08-01,14982.26953125,14994.3603515625,14886.8095703125,14981.6904296875,2658300,2967.139892578125,0.007688875047758614,12390.6904296875,0.018754277573103773,30.00200080871582,0.006744747143025309
2022-08-02,14860.9404296875,14860.9404296875,14663.4599609375,14747.23046875,3161000,2978.320068359375,0.0037679975282647327,12368.98046875,-0.0017521187427524954,30.167999267578125,0.011398691252375137
2022-08-03,14757.509765625,14777.01953125,14673.349609375,14777.01953125,2649100,2974.75,-0.0011986852579419782,12348.759765625,-0.0016347914184267065,29.966299057006836,0.001537401954528228
2022-08-04,14741.4697265625,14766.5703125,14545.6904296875,14702.2001953125,2766400,3053.4599609375,0.026459353201949698,12668.16015625,0.02586497726792847,29.941999435424805,0.002769616847099199
2022-08-05,14802.33984375,15041.41015625,14802.33984375,15036.0400390625,2749400,3081.409912109375,0.009153534524583673,12720.580078125,0.004137926994010943,29.95170021057129,0.0012267856901484464
2022-08-08,14972.2099609375,15034.8701171875,14908.169921875,15020.41015625,2558700,3053.389892578125,-0.00909324638086495,12657.5498046875,-0.004954984210656432,29.94499969482422,-0.0018999104178092363
2022-08-09,14965.1201171875,15077.6298828125,14905.23046875,15050.2802734375,2854300,3004.340087890625,-0.016064048946623388,12644.4599609375,-0.0010341530511025487,30.000699996948242,-0.005545587201391977
2022-08-10,14940.759765625,14982.330078125,14890.5498046875,14939.01953125,2863700,2866.89990234375,-0.045747212874083454,12493.9296875,-0.011904840056636057,30.027999877929688,0.0020590070467318977
2022-08-11,15087.58984375,15204.7900390625,15087.58984375,15197.849609375,3417400,2988.7099609375,0.04248842399212038,12854.7998046875,0.028883635990728074,29.910400390625,-0.0010553418407462933
2022-08-12,15203.91015625,15298.419921875,15198.9296875,15288.9697265625,2921300,2978.699951171875,-0.0033492744014829157,12779.91015625,-0.005825812114957363,29.94930076599121,-8.011046328615379e-05
2022-08-15,15332.919921875,15437.23046875,15315.1201171875,15417.349609375,3136600,3067.840087890625,0.02992585294926431,13047.1904296875,0.0209140964349257,29.94300079345703,-6.675242569909035e-05
2022-08-16,15435.0400390625,15451.830078125,15392.490234375,15420.5703125,3045100,3077.330078125,0.003093378390820911,13128.0498046875,0.006197454956740289,29.98270034790039,-0.0005999743022556681
2022-08-17,15423.4404296875,15475.8896484375,15390.83984375,15465.4501953125,3108600,3045.639892578125,-0.01029794813762186,13102.5498046875,-0.0019424057936537897,29.94379997253418,-0.0028040464146062982
2022-08-18,15384.73046875,15396.759765625,15311.2197265625,15396.759765625,2635800,2970.1201171875,-0.024796029095448202,12938.1201171875,-0.012549441898795477,29.935699462890625,0.0008458286059438436
2022-08-19,15394.3603515625,15458.4501953125,15346.259765625,15408.7802734375,3252400,3037.840087890625,0.02280041480856032,12965.33984375,0.002103839376660366,29.97369956970215,0.0008146702289171248
2022-08-22,15375.2001953125,15375.2001953125,15229.3603515625,15245.1396484375,2782000,2953.340087890625,-0.027815815696432544,12705.2197265625,-0.020062730350480673,30.101999282836914,0.005310038578852927
2022-08-23,15225.169921875,15225.169921875,15086.4296875,15095.8896484375,2405400,2843.3701171875,-0.037235796566073565,12381.5703125,-0.02547373607288772,30.13170051574707,0.004969537970822335
2022-08-24,15112.150390625,15183.9599609375,15053.51953125,15069.1904296875,2665500,2864.31005859375,0.0073644796643508315,12381.2998046875,-2.184761752122011e-05,30.170000076293945,0.007554154915783817
2022-08-25,15105.3095703125,15244.0595703125,15105.3095703125,15200.0400390625,2502900,2866.179931640625,0.0006528179591678285,12431.5302734375,0.004056962479091597,30.204999923706055,0.008995963536755358
2022-08-26,15221.5,15337.25,15221.5,15278.4404296875,3192200,2971.070068359375,0.036595796223690025,12639.26953125,0.016710674650921797,30.187999725341797,0.007149606445520762
2022-08-29,15197.1904296875,15197.1904296875,14843.7197265625,14926.1904296875,2973800,2798.43994140625,-0.05810368755404394,12141.7099609375,-0.039366165036856526,30.2810001373291,0.005946477269177519
2022-08-30,14919.669921875,15027.5,14911.9697265625,14953.6298828125,2729600,2744.5,-0.01927500412216976,12017.669921875,-0.01021602718740311,30.368000030517578,0.007842222998566406
2022-08-31,14912.1201171875,15095.4404296875,14874.330078125,15095.4404296875,3006200,2708.6298828125,-0.013069818614501738,11883.1396484375,-0.01119437247919608,30.43670082092285,0.008839931851325034
2022-09-01,14981.0,14981.0,14773.1904296875,14801.8603515625,3009700,2677.389892578125,-0.01153350276189713,11816.2001953125,-0.005633145372805681,30.332700729370117,0.004227803542016906
2022-09-02,14790.2802734375,14817.400390625,14673.0400390625,14673.0400390625,3003400,2625.949951171875,-0.019212719652391463,11785.1298828125,-0.0026294673402982305,30.548200607299805,0.011931922791678984
2022-09-05,14670.1796875,14753.0302734375,14632.7900390625,14661.099609375,2643200,2625.949951171875,-0.019212719652391463,11785.1298828125,-0.0026294673402982305,30.613000869750977,0.010963994944559241
2022-09-06,14705.16015625,14789.3095703125,14623.2197265625,14677.2001953125,2642400,2599.260009765625,-0.010163918544730532,11630.8603515625,-0.013090185070848248,30.68600082397461,0.010471575116486553
2022-09-07,14557.8603515625,14557.8603515625,14397.1201171875,14410.0498046875,2439500,2571.469970703125,-0.010691519493275292,11544.91015625,-0.007389839849719526,30.7987003326416,0.011893520058189111
2022-09-08,14447.08984375,14583.419921875,14447.08984375,14583.419921875,2349200,2611.5,0.0155669829914169,11791.900390625,0.02139386370549512,30.84779930114746,0.016981625750146057
2022-09-12,14711.33984375,14856.23046875,14711.33984375,14807.4296875,2620300,2721.77001953125,0.02392241666326078,12112.3095703125,0.02109062115923166,30.850000381469727,0.007741792865296304
2022-09-13,14895.8701171875,14949.5595703125,14856.98046875,14894.41015625,2535400,2731.090087890625,0.0034242674041138343,12266.41015625,0.012722642617655877,30.882999420166016,0.006419819816907868
2022-09-14,14695.1904296875,14699.7802734375,14522.7001953125,14658.3095703125,2515900,2562.27001953125,-0.06181417050572813,11633.5703125,-0.051591283487904094,31.11870002746582,0.010390038909696253
2022-09-15,14647.0,14750.2802734375,14624.5498046875,14670.0400390625,2703700,2591.510009765625,0.011411752083694937,11719.6796875,0.007401801225843663,31.069000244140625,0.007170720375665018
2022-09-16,14602.16015625,14602.16015625,14521.650390625,14561.759765625,3637300,2549.5400390625,-0.01619517985459018,11552.3603515625,-0.014276784041799329,31.222000122070312,0.011773027569456973
2022-09-19,14567.26953125,14585.0595703125,14424.330078125,14425.6796875,2314800,2563.139892578125,0.00533423806147626,11448.400390625,-0.008999023383428173,31.26099967956543,0.013322505446144994
2022-09-20,14474.9501953125,14558.7197265625,14461.3896484375,14549.2998046875,2436500,2577.93994140625,0.0057741869146432645,11535.01953125,0.007566047453750002,31.32200050354004,0.014214975605230995
2022-09-21,14517.33984375,14525.4599609375,14384.1103515625,14424.51953125,2716200,2539.5,-0.014911108202653178,11425.0498046875,-0.00953355356396024,31.339000701904297,0.0070793662410073566
2022-09-22,14325.669921875,14325.669921875,14151.7998046875,14284.6298828125,3106100,2514.9599609375,-0.00966333493305771,11220.1904296875,-0.017930720522194132,31.450000762939453,0.012263044056935346
2022-09-23,14231.0302734375,14277.5302734375,14109.7099609375,14118.3798828125,2584800,2444.25,-0.028115740224803232,11066.8095703125,-0.01367007630896977,31.538299560546875,0.01013065906219679
2022-09-26,13993.419921875,13993.419921875,13743.1904296875,13778.1904296875,3149000,2408.89990234375,-0.014462554017080853,10867.9296875,-0.017970841690997275,31.791000366210938,0.01695405431938113
2022-09-27,13812.990234375,13862.83984375,13732.3203125,13826.58984375,2722800,2373.469970703125,-0.014707930207541353,10802.919921875,-0.005981798511244696,31.822999954223633,0.015995129386035645
2022-09-28,13816.7001953125,13854.08984375,13466.0703125,13466.0703125,3481100,2398.0400390625,0.01035196091067303,10829.5,0.002460453129081941,31.674999237060547,0.010721418284911577
2022-09-29,13550.7001953125,13651.2900390625,13462.5703125,13534.259765625,2992600,2427.260009765625,0.012184938627858966,11051.6396484375,0.0205124565711714,31.67099952697754,0.007026987557294806
2022-09-30,13409.650390625,13466.8203125,13274.7197265625,13424.580078125,2822000,2347.360107421875,-0.032917735233262135,10737.509765625,-0.02842382603896354,31.63050079345703,0.0029234687410191196
2022-10-03,13359.259765625,13440.23046875,13273.48046875,13300.48046875,2183300,2306.699951171875,-0.0173216525753509,10575.6201171875,-0.015077019902302924,31.80299949645996,0.00037743795762335
2022-10-04,13447.3603515625,13586.9599609375,13447.3603515625,13576.51953125,2392400,2393.320068359375,0.037551532067919835,10815.4296875,0.022675698224330354,31.783700942993164,-0.001234924780410318
2022-10-05,13727.2998046875,13902.01953125,13727.2998046875,13801.4296875,2785100,2500.110107421875,0.044620040785311677,11176.41015625,0.03337643340857799,31.628000259399414,-0.001483787807203596
2022-10-06,13865.4501953125,13899.23046875,13814.330078125,13892.0498046875,2151900,2523.610107421875,0.009399586014327,11148.6396484375,-0.002484743081567209,31.523500442504883,-0.004657228590054907
2022-10-07,13847.51953125,13847.51953125,13684.2099609375,13702.2802734375,1873700,2508.840087890625,-0.0058527343379278784,11073.3095703125,-0.006756885189625583,31.538999557495117,-0.002892816543102028
2022-10-11,13394.1201171875,13394.1201171875,13106.0302734375,13106.0302734375,2847100,2275.340087890625,-0.03454329568659176,10542.099609375,-0.010354547069698405,31.792800903320312,0.00028630902183079954
2022-10-12,13076.91015625,13130.73046875,12991.58984375,13081.240234375,2438200,2218.489990234375,-0.02498531887993649,10426.1904296875,-0.01099488564729767,31.825300216674805,0.006238142015215109
2022-10-13,13108.400390625,13111.3896484375,12809.4296875,12810.73046875,3440400,2198.60009765625,-0.00896550927237838,10417.099609375,-0.0008719215684585002,31.774200439453125,0.00795279691116435
2022-10-14,13023.7099609375,13221.8701171875,13023.7099609375,13128.1201171875,2967500,2263.239990234375,0.029400477443366047,10649.150390625,0.022275949155863284,31.848600387573242,0.009816444225306808
2022-10-17,12988.830078125,12988.830078125,12814.8203125,12966.0498046875,3036700,2162.320068359375,-0.04459090609500449,10321.3896484375,-0.030778111883558834,31.961999893188477,0.007915217028194421
2022-10-18,13075.0498046875,13143.150390625,12978.1298828125,13124.6796875,2610300,2211.659912109375,0.022818011298131102,10675.7998046875,0.0343374456659189,31.988000869750977,0.0061397536827363375
2022-10-19,13096.349609375,13155.6201171875,12976.759765625,12976.759765625,2470600,2220.9599609375,0.004205008544579947,10772.400390625,0.009048557270162183,32.016998291015625,0.006023449049520124
2022-10-20,12912.9296875,12946.099609375,12698.91015625,12946.099609375,3533700,2237.739990234375,0.007555304729488288,10680.509765625,-0.008530190270310656,32.152000427246094,0.011890149321392984
2022-10-21,12931.2001953125,12954.01953125,12813.599609375,12819.2001953125,2220400,2253.219970703125,0.006917685046656574,10614.83984375,-0.00614857561259452,32.09400177001953,0.007705248565398115
2022-10-24,12913.580078125,13027.83984375,12856.76953125,12856.98046875,2281500,2336.68994140625,0.03704475008584174,10859.7197265625,0.02306957866695325,32.18000030517578,0.006820612374564217
2022-10-25,12830.2900390625,12843.3095703125,12629.48046875,12666.1201171875,2289400,2351.550048828125,0.006359469075701174,10952.6103515625,0.00855368530117695,32.31129837036133,0.010106836683128728
2022-10-26,12666.419921875,12791.9697265625,12635.51953125,12729.0498046875,2218400,2404.68994140625,0.02259781483477541,11199.1201171875,0.022506941972041616,32.22700119018555,0.00655910642406643
2022-10-27,12807.6904296875,12954.3203125,12807.6904296875,12926.3701171875,2373300,2376.330078125,-0.011793563399972173,10970.990234375,-0.020370339850394603,31.962900161743164,-0.005881446348286357
2022-10-28,12874.830078125,12891.3798828125,12723.98046875,12788.419921875,2112200,2340.60009765625,-0.015035781770242118,10792.669921875,-0.01625380286469269,32.042999267578125,-0.001589159956021713
2022-10-31,12862.3701171875,12977.6103515625,12826.33984375,12949.75,2003500,2433.659912109375,0.03975895521251571,11102.4501953125,0.028702839582782413,32.11399841308594,-0.002051022108885081
2022-11-01,12933.1201171875,13062.900390625,12907.6103515625,13037.2099609375,2030700,2384.449951171875,-0.020220557807868578,10988.150390625,-0.010295007199019768,32.24769973754883,-0.0019683094155955594
2022-11-02,13033.150390625,13100.169921875,13014.0400390625,13100.169921875,2032900,2402.75,0.007674746462651205,10890.849609375,-0.00885506457328944,32.124000549316406,-0.0031960975910010347
2022-11-03,12985.5498046875,12991.3701171875,12905.349609375,12986.599609375,2009100,2328.469970703125,-0.030914589240193524,10524.7998046875,-0.03361076663591045,32.247501373291016,0.008904111019577998
2022-11-04,12941.7802734375,13029.9404296875,12868.25,13026.7099609375,2354400,2292.85009765625,-0.015297544522817619,10342.9404296875,-0.01727912914020502,32.150001525878906,0.0033393334190487955
2022-11-07,13109.349609375,13246.58984375,13103.349609375,13223.73046875,2750000,2398.239990234375,0.04596458036478457,10475.25,0.012792258759678266,31.999000549316406,-0.0035809263701860328
2022-11-08,13274.91015625,13389.25,13274.91015625,13347.759765625,3009500,2450.6201171875,0.021841069770505372,10564.51953125,0.008521947566883847,31.850000381469727,-0.012332642616863176
2022-11-09,13410.1904296875,13638.8095703125,13410.1904296875,13638.8095703125,2981300,2503.389892578125,0.021533233576482402,10616.2001953125,0.004891908610668683,31.7898006439209,-0.01040343355997797
2022-11-10,13556.509765625,13559.400390625,13463.849609375,13503.759765625,2335900,2424.820068359375,-0.03138537247101947,10353.169921875,-0.024776310600627016,31.91200065612793,-0.0104039290759117
2022-11-11,13878.9501953125,14045.509765625,13878.9501953125,14007.5595703125,3988800,2672.5,0.10214363320087672,11114.150390625,0.07350217126661285,31.402000427246094,-0.023265973969883502
2022-11-14,14080.91015625,14217.2998046875,14076.9404296875,14174.900390625,3396800,2754.89990234375,0.030832517247427527,11323.330078125,0.018821023663351477,31.096599578857422,-0.028200911121215033
2022-11-15,14325.490234375,14568.509765625,14278.5302734375,14546.3095703125,3441500,2728.050048828125,-0.009746217455226747,11196.2197265625,-0.011225527356838128,30.888999938964844,-0.030172697990421105
2022-11-16,14637.849609375,14657.66015625,14481.0595703125,14537.349609375,3356100,2810.610107421875,0.030263395874725596,11358.41015625,0.014486177803630484,31.07900047302246,-0.022359378055249346
2022-11-17,14489.41015625,14545.8896484375,14383.5498046875,14535.23046875,2707100,2690.820068359375,-0.042620653340061265,11183.66015625,-0.01538507569246772,31.03499984741211,-0.027481849795820135
2022-11-18,14584.3095703125,14669.98046875,14470.48046875,14504.990234375,2787500,2719.10009765625,0.010509818040014052,11144.9599609375,-0.0034604230432442318,31.024999618530273,-0.012005630328847272
2022-11-21,14514.7099609375,14530.759765625,14421.650390625,14449.3896484375,2186300,2724.030029296875,0.0018130747172104833,11146.0595703125,9.866427325477822e-05,31.111299514770508,0.0004727184358472858
2022-11-22,14404.080078125,14542.7900390625,14371.08984375,14542.2001953125,2281400,2675.830078125,-0.017694353826310905,11024.509765625,-0.010905181685126442,31.131000518798828,0.007834522979447867
2022-11-23,14595.5,14647.98046875,14573.41015625,14608.5400390625,2345700,2756.820068359375,0.030267239648911426,11174.41015625,0.013597011913617951,31.107200622558594,0.0009073698995116786
2022-11-24,14649.7998046875,14784.0,14649.7998046875,14784.0,2615600,2756.820068359375,0.030267239648911426,11174.41015625,0.013597011913617951,31.079700469970703,0.001440329395146378
2022-11-25,14764.9404296875,14835.66015625,14756.009765625,14778.509765625,2808900,2786.419921875,0.01073695518084361,11285.3203125,0.009925370082103813,30.913000106811523,-0.0036099762480530373
2022-11-28,14636.900390625,14638.1904296875,14503.1201171875,14556.8701171875,2567800,2751.27001953125,-0.012614718287004445,11226.3603515625,-0.005224482717800627,30.928499221801758,-0.005875688120387301
2022-11-29,14503.7900390625,14716.580078125,14449.0498046875,14709.6396484375,3143000,2678.780029296875,-0.026347828355548164,11049.5,-0.01575402410255644,31.006099700927734,-0.0040121041980539784
2022-11-30,14678.23046875,14879.5498046875,14678.23046875,14879.5498046875,4457700,2670.64990234375,-0.003035011036445212,10983.7802734375,-0.005947755695959067,30.945999145507812,-0.005182127411808346
2022-12-01,15059.919921875,15152.3798828125,14998.0302734375,15012.7998046875,3771700,2826.85009765625,0.05848770936820258,11468.0,0.04408497935210032,30.777999877929688,-0.009707319809356574
2022-12-02,14933.2001953125,15021.73046875,14921.0595703125,14970.6796875,2999500,2804.699951171875,-0.007835628250235094,11482.4501953125,0.0012600449348185716,30.587799072265625,-0.010519879449495506
2022-12-05,14972.169921875,15088.0595703125,14969.9697265625,14980.740234375,3216700,2771.239990234375,-0.011929960965528452,11461.5,-0.0018245404905873341,30.538000106811523,-0.01262586691290113
2022-12-06,14955.2900390625,14957.8203125,14728.8798828125,14728.8798828125,3221700,2738.050048828125,-0.011976566996437898,11239.9404296875,-0.019330765633861158,30.562999725341797,-0.014290735689425627
2022-12-07,14708.080078125,14823.150390625,14630.009765625,14630.009765625,3266900,2673.530029296875,-0.02356422212182141,11014.8896484375,-0.02002241761491763,30.633499145507812,-0.010098235915105835
2022-12-08,14631.2099609375,14634.16015625,14464.2001953125,14553.0400390625,2428500,2673.25,-0.00010474140698113477,10958.5498046875,-0.005114880452569248,30.636999130249023,-0.004581218670475451
2022-12-09,14620.26953125,14742.7900390625,14620.26953125,14705.4296875,2543200,2744.72998046875,0.026738980816889635,11082.0,0.011265194529635147,30.46299934387207,-0.004080049306545597
2022-12-12,14658.4599609375,14658.4599609375,14538.66015625,14612.58984375,2221600,2721.02001953125,-0.008638358274299485,11004.6201171875,-0.006982483560052377,30.693700790405273,0.005098588088583433
2022-12-13,14617.8603515625,14658.7001953125,14515.740234375,14522.9599609375,2730600,2779.2099609375,0.021385341154628534,11143.740234375,0.012641973617082636,30.68000030517578,0.0038281772367052547
2022-12-14,14557.5595703125,14739.3603515625,14557.5595703125,14739.3603515625,2640200,2821.530029296875,0.015227373589687065,11256.8095703125,0.010146443972977481,30.60099983215332,-0.0010609076423206965
2022-12-15,14692.919921875,14756.3798828125,14649.5400390625,14734.1298828125,2570800,2777.27001953125,-0.01568652798519199,11170.8896484375,-0.007632706348839391,30.48430061340332,-0.004984121199224756
2022-12-16,14554.2099609375,14568.3095703125,14447.76953125,14528.5498046875,4451200,2661.409912109375,-0.04171726429446354,10810.5302734375,-0.03225878925859804,30.809999465942383,0.011390871862396512
2022-12-19,14478.4501953125,14493.7197265625,14411.8095703125,14433.3203125,3207500,2636.10009765625,-0.009509927177307698,10705.41015625,-0.009723863171244296,30.77079963684082,0.0025118784783244585
2022-12-20,14410.75,14451.91015625,14157.990234375,14170.0302734375,3679200,2599.860107421875,-0.013747577440855085,10546.0302734375,-0.014887788556092962,30.78569984436035,0.003445226145148972
2022-12-21,14205.0595703125,14291.98046875,14197.8603515625,14234.400390625,3230800,2583.639892578125,-0.006238879852591195,10547.1103515625,0.00010241561013923928,30.724000930786133,0.004019512411603365
2022-12-22,14323.0400390625,14442.9404296875,14323.0400390625,14442.9404296875,3258800,2644.5,0.023555955919671412,10709.3701171875,0.01538428633212896,30.679000854492188,0.006386902017468721
2022-12-23,14318.1201171875,14318.1201171875,14192.98046875,14271.6298828125,1979800,2533.330078125,-0.0420381629325014,10476.1201171875,-0.02177999242230466,30.739999771118164,-0.002271979748055375
2022-12-26,14271.2001953125,14301.1103515625,14253.2001953125,14285.1298828125,1574600,2533.330078125,-0.0420381629325014,10476.1201171875,-0.02177999242230466,30.745100021362305,-0.0008351949179684626
2022-12-27,14310.1904296875,14410.240234375,14310.1904296875,14328.4296875,1821100,2535.489990234375,0.000852597980826042,10497.8603515625,0.0020752181276857407,30.7189998626709,-0.002166589748703429
2022-12-28,14249.830078125,14249.830078125,14119.2998046875,14173.099609375,1958900,2490.169921875,-0.017874284076816904,10353.23046875,-0.013777081992805584,30.72209930419922,-6.189384615618021e-05
2022-12-29,14097.509765625,14120.5703125,13981.6298828125,14085.01953125,1839200,2453.489990234375,-0.01472989104816047,10213.2900390625,-0.013516595627798833,30.72800064086914,0.001597176733667327
2022-12-30,14183.51953125,14248.900390625,14137.6904296875,14137.6904296875,1748100,2534.949951171875,0.03320166834253868,10478.08984375,0.025926983731464404,30.680099487304688,-0.0019486104183304986
2023-01-03,14108.16015625,14237.9404296875,14001.9697265625,14224.1201171875,1816400,2532.110107421875,-0.001120276062526293,10466.48046875,-0.0011079667356473921,30.72010040283203,3.582604140928147e-05
2023-01-04,14186.9501953125,14257.4501953125,14177.9697265625,14199.1298828125,2073800,2500.989990234375,-0.012290191132006356,10386.98046875,-0.007595676525395945,30.650299072265625,-0.00233708742435379
2023-01-05,14285.1201171875,14357.599609375,14270.9296875,14301.0498046875,2086500,2569.4599609375,0.0273771470379649,10458.759765625,0.006910506579939524,30.687999725341797,-0.0013017741048254594
2023-01-06,14278.51953125,14384.919921875,14278.51953125,14373.33984375,1741200,2518.52001953125,-0.019825154772080578,10305.240234375,-0.014678559857027706,30.62299919128418,-0.0018611509406655236
2023-01-09,14504.4697265625,14752.2099609375,14504.4697265625,14752.2099609375,2581100,2636.10009765625,0.04668617966629629,10569.2900390625,0.02562286746180975,30.561500549316406,-0.0028158593760598816
2023-01-10,14796.26953125,14816.1298828125,14728.5595703125,14802.9599609375,2069800,2686.75,0.019213952607028295,10635.650390625,0.00627860067395658,30.461999893188477,-0.008401681838896669
2023-01-11,14822.8603515625,14842.740234375,14734.4404296875,14751.4404296875,1986800,2721.2900390625,0.012855695194007533,10742.6298828125,0.010058575475722531,30.432600021362305,-0.007102672975230706
2023-01-12,14780.580078125,14813.3095703125,14700.73046875,14731.6396484375,1812900,2755.360107421875,0.012519822536487979,10931.669921875,0.01759718440686031,30.434999465942383,-0.00824427338581113
2023-01-13,14923.0498046875,14962.3095703125,14822.150390625,14824.1298828125,1786500,2789.64990234375,0.012444759880754441,11001.099609375,0.006351242581983385,30.32550048828125,-0.00971487806091842
2023-01-16,14895.259765625,14960.919921875,14895.259765625,14927.009765625,1611600,2789.64990234375,0.012444759880754441,11001.099609375,0.006351242581983385,30.279300689697266,-0.009233835202684504
2023-01-17,14922.33984375,14945.23046875,14884.7802734375,14932.9296875,1772600,2800.659912109375,0.003946735307672311,11079.16015625,0.007095704033847516,30.32900047302246,-0.0043660764438435695
2023-01-30,15291.5302734375,15493.8203125,15291.5302734375,15493.8203125,3697500,2945.27001953125,-0.0071900753127635,11621.7099609375,0.009494085356936521,30.256000518798828,-0.0020350790043236477
2023-01-31,15419.2099609375,15441.98046875,15265.2001953125,15265.2001953125,3357200,2866.68994140625,-0.02668009303184582,11393.8095703125,-0.019609884551499812,30.094999313354492,-0.006536162117019129
2023-02-01,15346.349609375,15420.1298828125,15291.6796875,15420.1298828125,3009800,2921.919921875,0.019266115833111996,11584.5498046875,0.016740690038561823,30.0310001373291,-0.007813654479989718
2023-02-02,15508.830078125,15602.08984375,15496.51953125,15595.16015625,3248500,3073.469970703125,0.051866598976085365,11816.3203125,0.02000686360023396,29.533000946044922,-0.02362500152915281
2023-02-03,15591.9501953125,15617.73046875,15504.0302734375,15602.66015625,2647300,3141.840087890625,0.022245253032961543,12200.8203125,0.032539740784891746,29.542999267578125,-0.022039938980096818
2023-02-06,15514.7998046875,15514.7998046875,15392.8203125,15392.8203125,2320600,3082.110107421875,-0.01901114595200537,12006.9501953125,-0.015889924793735077,29.96579933166504,-0.009591525058094796
2023-02-07,15376.1201171875,15462.099609375,15363.650390625,15400.91015625,2251800,3029.739990234375,-0.016991643829138425,11887.4501953125,-0.009952568975146847,29.998300552368164,-0.0032131172351752557
2023-02-08,15538.7099609375,15631.2197265625,15520.0498046875,15618.169921875,2514500,3124.14990234375,0.031161060821615738,12113.7900390625,0.019040234872172324,30.027099609375,-0.00012988338504427155
2023-02-09,15590.0,15617.33984375,15553.83984375,15598.7099609375,2236100,3055.6298828125,-0.02193237254071767,11910.51953125,-0.01678009171011119,30.041500091552734,0.017217997806481256
2023-02-10,15627.330078125,15628.2998046875,15546.1103515625,15586.650390625,2483000,3059.6201171875,0.0013058631208722193,11789.580078125,-0.010154003174058679,30.003000259399414,0.015570558278628077
2023-02-13,15564.759765625,15569.990234375,15465.5595703125,15544.2802734375,2184300,3011.14990234375,-0.015841906180269594,11718.1201171875,-0.006061281272442431,30.18079948425293,0.007174851243187064
2023-02-14,15584.740234375,15669.6298828125,15584.740234375,15654.48046875,2077800,3057.320068359375,0.01533306793517264,11891.7900390625,0.014820629942192687,30.219999313354492,0.007390377351520483
2023-02-15,15497.669921875,15553.6796875,15388.849609375,15432.8896484375,2438100,3121.6298828125,0.021034701312000692,11960.150390625,0.005748533344260842,30.248699188232422,0.0073799861371970366
2023-02-16,15474.4599609375,15585.48046875,15474.4599609375,15550.5,2883000,3133.070068359375,0.00366481164530863,12070.58984375,0.009233951875017299,30.302000045776367,0.008671336432260368
2023-02-17,15503.75,15503.75,15418.4296875,15479.7001953125,2528300,3055.239990234375,-0.024841473834562366,11855.830078125,-0.01779198600938292,30.253000259399414,0.008332500011283939
2023-02-20,15452.009765625,15575.3203125,15436.66015625,15551.23046875,2994900,3055.239990234375,-0.024841473834562366,11855.830078125,-0.01779198600938292,30.373300552368164,0.006378262716853156
2023-02-21,15535.6396484375,15567.740234375,15496.73046875,15563.0,2997300,3005.8701171875,-0.016159081841255807,11787.26953125,-0.005782855053017344,30.364500045776367,0.004781625933327538
2023-02-22,15541.169921875,15541.169921875,15345.9296875,15418.76953125,2881300,2906.260009765625,-0.03313852679538831,11492.2998046875,-0.025024432145246744,30.484500885009766,0.007795432633647792
2023-02-23,15463.4599609375,15657.6298828125,15463.4599609375,15615.41015625,3012200,2892.389892578125,-0.004772497003328491,11507.0703125,0.0012852525659377,30.475299835205078,0.005719087491482755
2023-02-24,15669.8798828125,15717.9599609375,15503.7900390625,15503.7900390625,2717600,2988.81005859375,0.03333581211268899,11590.400390625,0.007241641517952591,30.283000946044922,0.0009916598812769184
2023-03-01,15435.3798828125,15617.0302734375,15387.3798828125,15598.490234375,3062600,2958.389892578125,0.0024328772725963344,11455.5400390625,-0.000997684588255665,30.64579963684082,0.005291172469560346
2023-03-02,15580.2802734375,15618.0595703125,15492.3701171875,15598.7197265625,2664900,2955.830078125,-0.0008652728497845485,11379.48046875,-0.00663954471401107,30.560699462890625,0.0028022571770365268
2023-03-03,15621.3603515625,15713.419921875,15606.849609375,15608.419921875,3025100,2984.110107421875,0.009567542297564735,11462.98046875,0.007337769086146251,30.601499557495117,0.010517405854778561
2023-03-06,15675.2802734375,15818.8798828125,15675.2802734375,15763.509765625,3095600,3028.340087890625,0.01482183259885228,11689.009765625,0.019718196108873487,30.498600006103516,-0.005160333558307029
2023-03-07,15763.8701171875,15879.16015625,15749.0400390625,15857.8896484375,2944000,2994.590087890625,-0.011144719225874122,11675.740234375,-0.0011352143180701768,30.575000762939453,-0.0007451038548106359
2023-03-08,15819.1796875,15821.490234375,15740.98046875,15818.2001953125,3091600,2962.419921875,-0.01074276113639494,11530.330078125,-0.012454041742200883,30.726299285888672,0.0026267759367284427
2023-03-09,15827.98046875,15878.75,15770.66015625,15770.66015625,3556200,3041.389892578125,0.026657250756382478,11576.0,0.003960851212893246,30.72480010986328,0.005369662666651953
2023-03-10,15729.2900390625,15729.2900390625,15488.7099609375,15526.2001953125,3932200,2980.2099609375,-0.020115780548203288,11338.349609375,-0.02052957762828267,30.813899993896484,0.006940850594667758
2023-03-13,15514.0302734375,15571.169921875,15349.669921875,15560.490234375,3141600,2923.929931640625,-0.018884585326052195,11138.8896484375,-0.017591622044585642,30.828699111938477,0.01082341831326361
2023-03-14,15517.740234375,15517.740234375,15348.1201171875,15360.419921875,3097800,2921.7099609375,-0.0007592421005381267,11188.83984375,0.0044843065053172815,30.454999923706055,-0.003924802493508128
2023-03-15,15425.990234375,15526.73046875,15387.58984375,15387.58984375,2998000,3010.14990234375,0.030269925005790732,11428.150390625,0.0213883253506999,30.378999710083008,-0.011303006996523202
2023-03-16,15334.25,15334.25,15186.740234375,15221.1201171875,3443900,2977.389892578125,-0.010883182176448236,11434.0498046875,0.0005162177483539754,30.520000457763672,-0.006665613815787341
2023-03-17,15337.9697265625,15452.9599609375,15337.9697265625,15452.9599609375,3434700,3098.070068359375,0.04053220442578742,11717.2802734375,0.024770791940567527,30.548999786376953,-0.008596776375986215
2023-03-20,15454.75,15488.98046875,15399.0703125,15419.9697265625,2433600,3083.52001953125,-0.0046964879770553525,11630.509765625,-0.00740534542040483,30.618000030517578,-0.006834510942412941
2023-03-21,15437.9501953125,15547.9697265625,15437.9501953125,15513.4501953125,2773500,3114.7099609375,0.010115044237978266,11675.5400390625,0.0038717368666496554,30.506000518798828,0.0016746214158771533
2023-03-22,15535.169921875,15760.4599609375,15535.169921875,15760.4599609375,2773200,3116.889892578125,0.0006998827075279657,11860.1103515625,0.015808289114035645,30.480100631713867,0.0033279871817932793
2023-03-23,15711.599609375,15882.75,15680.83984375,15863.9501953125,2652800,3091.7099609375,-0.008078543839672658,11669.9599609375,-0.016032767401691905,30.350000381469727,-0.005570120371695464
2023-03-24,15869.83984375,15921.9697265625,15845.990234375,15914.7001953125,2914300,3174.360107421875,0.02673282666505794,11787.400390625,0.0100634818011891,30.13800048828125,-0.01345377265932568
2023-03-27,15873.669921875,15902.0595703125,15821.6298828125,15830.3095703125,2706800,3121.260009765625,-0.016727811546049298,11823.9599609375,0.0031015804249405754,30.320999145507812,-0.009700205262059503
2023-03-28,15790.7001953125,15846.5400390625,15685.58984375,15701.48046875,2545400,3083.580078125,-0.012072025887857496,11768.83984375,-0.0046617307035543565,30.163000106811523,-0.011243703079855893
2023-03-29,15766.2900390625,15811.2001953125,15681.099609375,15769.759765625,2376300,3057.27001953125,-0.008532309175427022,11716.080078125,-0.004483004809774704,30.344999313354492,-0.004432443317421542
2023-03-30,15824.650390625,15885.2099609375,15791.75,15849.4296875,2266900,3157.110107421875,0.03265661431695621,11926.240234375,0.017937753484835728,30.516000747680664,0.0054695342380386425
2023-03-31,15874.1904296875,15951.7998046875,15857.1904296875,15868.0595703125,2440300,3208.260009765625,0.01620149459580289,12013.4697265625,0.007314081426607499,30.351999282836914,0.007100630137652164
2023-04-06,15838.0703125,15838.0703125,15733.2900390625,15810.76953125,2513500,3085.97998046875,-0.017985686406125745,11996.8603515625,-0.010676744384193637,30.540800094604492,0.000812667004725709
2023-04-07,15856.1904296875,15877.990234375,15811.1904296875,15836.5,2199900,3085.97998046875,-0.017985686406125745,11996.8603515625,-0.010676744384193637,30.510400772094727,0.005218815662906939
2023-04-10,15850.9404296875,15919.759765625,15850.9404296875,15876.169921875,2220400,3071.77001953125,-0.004604683448186764,12087.9599609375,0.007593620889580155,30.39299964904785,-0.00432432337860833
2023-04-11,15886.4599609375,15945.6298828125,15838.099609375,15913.8798828125,2744200,3126.969970703125,0.017970079407278794,12084.3603515625,-0.00029778468712937656,30.522199630737305,0.0014305146248045908
2023-04-12,15914.150390625,15944.3203125,15867.01953125,15932.9697265625,3138100,3109.419921875,-0.0056124775717557585,12031.8798828125,-0.004342842088717935,30.479900360107422,0.0031133699018395244
2023-04-13,15888.6298828125,15913.2001953125,15800.419921875,15804.759765625,3825100,3052.52001953125,-0.01829920170751298,11929.33984375,-0.008522362262689986,30.446500778198242,-0.0030876504909544966
2023-04-14,15854.25,15973.8203125,15854.25,15929.4296875,3492400,3074.93994140625,0.007344725581338807,12166.26953125,0.019861089599533255,30.451000213623047,-0.001946895385458447
2023-04-17,15934.6396484375,15963.5498046875,15894.76953125,15963.5498046875,3396900,3070.449951171875,-0.0014601879451088262,12123.4697265625,-0.003517906995037845,30.506000518798828,0.0037179900324355586
2023-04-18,15967.8896484375,15967.8896484375,15851.7099609375,15869.4404296875,3344600,3066.679931640625,-0.001227839434351008,12157.7197265625,0.0028250988184479464,30.46649932861328,-0.0018249111400192586
2023-04-19,15874.650390625,15915.3896484375,15756.75,15770.4697265625,3554800,3077.719970703125,0.0035999971658580154,12153.41015625,-0.00035447192478732514,30.451900482177734,-0.0009186341687105193
2023-04-20,15771.4501953125,15804.3798828125,15686.5400390625,15707.51953125,3170900,3046.3798828125,-0.010182891292564555,12157.23046875,0.00031434078590986125,30.537500381469727,0.002988836186280208
2023-04-21,15776.5400390625,15802.9296875,15592.9599609375,15602.990234375,3512500,3046.280029296875,-3.2777762283831e-05,12059.5595703125,-0.008033976051417424,30.55929946899414,0.0035565089688791574
2023-04-24,15555.099609375,15643.8603515625,15529.3896484375,15626.8701171875,2474500,3021.43994140625,-0.008154236528398973,12072.4599609375,0.001069723197583139,30.625,0.00390085488682268
2023-04-25,15606.830078125,15639.490234375,15353.2197265625,15370.73046875,3449300,3007.510009765625,-0.004610361917086969,12037.2001953125,-0.0029206777855622645,30.57200050354004,0.003462858459346352
2023-04-26,15352.0302734375,15398.400390625,15284.4599609375,15374.6298828125,2745800,2906.2900390625,-0.033655738592541895,11799.16015625,-0.01977536596551721,30.693700790405273,0.00794040123601003
2023-04-27,15374.3896484375,15455.8798828125,15306.6904296875,15411.490234375,2616700,2922.989990234375,0.005746140594165228,11854.349609375,0.00467740520462101,30.628299713134766,0.002973371445952999
2023-04-28,15477.33984375,15580.6298828125,15477.33984375,15579.1796875,2999300,2941.590087890625,0.006363380551555942,12142.240234375,0.02428565332444066,30.626800537109375,0.0022088552188090915
2023-05-02,15588.6796875,15651.23046875,15532.6298828125,15636.48046875,2915700,3019.090087890625,0.00805354224698207,12212.599609375,-0.0011434488352971561,30.72879981994629,0.005128853651173104
2023-05-03,15629.509765625,15629.509765625,15530.7900390625,15553.41015625,2511600,2996.860107421875,-0.007363139164979882,12080.509765625,-0.010815866234458515,30.75480079650879,0.0019906366625759286
2023-05-04,15548.01953125,15622.41015625,15523.5,15609.0302734375,2461600,2957.3701171875,-0.01317712166029239,12025.330078125,-0.004567662174075893,30.646799087524414,0.0006039961265533744
2023-05-05,15627.9296875,15673.6201171875,15578.669921875,15626.0703125,2294100,2941.6298828125,-0.005322375540187441,11966.400390625,-0.004900463198694083,30.627899169921875,3.5871615488236586e-05
2023-05-08,15648.5400390625,15757.7998046875,15648.5400390625,15699.5703125,2829600,3007.68994140625,0.02245695795372793,12235.41015625,0.02248042492676028,30.577999114990234,-0.005464163577135417
2023-05-09,15702.259765625,15744.26953125,15635.900390625,15727.7001953125,2864700,3024.409912109375,0.005559073916810542,12256.919921875,0.0017579930178321934,30.58799934387207,-0.004582036294916492
2023-05-10,15708.48046875,15711.3896484375,15579.490234375,15641.759765625,2366700,2967.840087890625,-0.018704417014456687,12179.5498046875,-0.006312362133444105,30.649799346923828,-0.0034141482586640404
2023-05-11,15666.490234375,15675.3701171875,15501.580078125,15514.6396484375,2769100,2997.510009765625,0.009997143038824374,12306.4404296875,0.010418334588292,30.61440086364746,-0.0010571487020366588
2023-05-12,15477.1201171875,15545.990234375,15424.419921875,15502.3603515625,2711900,2978.719970703125,-0.006268549229621834,12328.509765625,0.0017933159522116604,30.697900772094727,0.0022855502358971602
2023-05-15,15489.1796875,15510.08984375,15434.51953125,15475.0498046875,2444700,2972.85009765625,-0.001970602508663988,12284.740234375,-0.0035502694228333187,30.809999465942383,0.0075871658599928615
2023-05-16,15550.5703125,15723.9501953125,15550.5703125,15673.900390625,2617800,3052.639892578125,0.026839494862112234,12365.2099609375,0.0065503807998585906,30.743000030517578,0.0050673692287939165
2023-05-17,15702.740234375,15961.9697265625,15698.6298828125,15925.2900390625,3099200,3048.7099609375,-0.0012873878934033245,12343.0498046875,-0.0017921374825017322,30.777799606323242,0.004176218511272589
2023-05-18,16060.259765625,16128.7197265625,16015.6201171875,16101.8798828125,3379800,3124.679931640625,0.024918726830860605,12500.5703125,0.01276187897683756,30.79129981994629,0.005778292284298159
2023-05-19,16146.2900390625,16189.8095703125,16099.900390625,16174.919921875,3955600,3223.489990234375,0.0316224575813977,12688.83984375,0.015060875347562286,30.69029998779297,-0.00024759948109109864
2023-05-22,16168.740234375,16202.919921875,16131.5498046875,16180.8896484375,3311200,3203.489990234375,-0.006204455438233225,12657.900390625,-0.0024383200911972658,30.6200008392334,-0.006166784485634569
2023-05-23,16186.150390625,16239.5,16121.4501953125,16188.0302734375,3041900,3215.0400390625,0.0036054580670876746,12720.7802734375,0.004967639250745837,30.660999298095703,-0.0026672976723310926
2023-05-24,16186.6201171875,16186.6201171875,16070.16015625,16159.3203125,2938400,3177.43994140625,-0.011695063576008913,12560.25,-0.012619530405120427,30.805400848388672,0.0008967906224122135
2023-05-25,16163.9501953125,16323.76953125,16163.9501953125,16292.0,3551900,3124.090087890625,-0.016790200444202208,12484.16015625,-0.0060579879978504,30.808399200439453,0.0005553315577178086
2023-05-26,16509.140625,16537.7890625,16457.740234375,16505.05078125,3981600,3336.719970703125,0.06806138005964701,12698.08984375,0.017136089638588814,30.75979995727539,0.002264558166914732
2023-05-29,16610.859375,16683.759765625,16597.380859375,16636.30078125,3879200,3336.719970703125,0.06806138005964701,12698.08984375,0.017136089638588814,30.684999465942383,0.0021227506508001426
2023-05-30,16648.76953125,16681.189453125,16579.130859375,16622.740234375,3645500,3545.669921875,0.06262136259754647,12975.6904296875,0.021861601969538347,30.535999298095703,-0.004076840379033664
2023-05-31,16593.529296875,16636.650390625,16491.900390625,16578.9609375,5023700,3549.389892578125,0.0010491587725565132,13017.4296875,0.0032167273131766816,30.56130027770996,-0.007923953720974874
2023-06-01,16511.0,16555.5,16477.4296875,16512.650390625,3888600,3453.179931640625,-0.027106055927718087,12935.2900390625,-0.00630997442731529,30.64590072631836,-0.005274486125159572
2023-06-02,16525.0,16752.19921875,16525.0,16706.91015625,4585600,3506.739990234375,0.015510358467855312,13100.98046875,0.012809177775460867,30.582799911499023,-0.005754265177999041
2023-06-05,16714.48046875,16781.189453125,16703.599609375,16714.4296875,4575100,3501.39990234375,-0.001522806910548291,13240.76953125,0.010670122196841714,30.66699981689453,-0.0005865944064241679
2023-06-06,16712.98046875,16793.810546875,16699.830078125,16761.66015625,3861900,3444.1201171875,-0.016359109714348397,13229.4296875,-0.0008564338895286072,30.64579963684082,0.003595767005141415
2023-06-07,16771.759765625,16922.48046875,16771.759765625,16922.48046875,3721800,3488.340087890625,0.012839264949689122,13276.419921875,0.003551947097114816,30.631799697875977,0.0023068200477527334
2023-06-08,16864.1796875,16899.509765625,16694.2109375,16733.689453125,3859300,3477.179931640625,-0.003199274144382036,13104.900390625,-0.012919110141085155,30.712900161743164,0.0021862446146758696
2023-06-09,16775.919921875,16895.990234375,16775.919921875,16886.400390625,3598000,3514.320068359375,0.010681108671079409,13238.51953125,0.01019612027883765,30.64579963684082,0.002059972452624015
2023-06-12,16899.490234375,16999.720703125,16899.490234375,16955.369140625,3731500,3524.969970703125,0.003030430392392258,13259.1396484375,0.0015575848295441563,30.660999298095703,-0.00019566696561956753
2023-06-13,17135.83984375,17254.9609375,17129.23046875,17216.599609375,3764800,3641.659912109375,0.03310381148664754,13461.919921875,0.015293622272195995,30.711299896240234,0.002137332364487321
2023-06-14,17190.69921875,17259.23046875,17182.1796875,17238.140625,4290400,3683.659912109375,0.011533202169796253,13573.3203125,0.008275223093845652,30.577999114990234,-0.0017563637597654003
2023-06-15,17259.369140625,17346.3203125,17259.369140625,17334.98046875,4893200,3739.75,0.015226728098931996,13626.48046875,0.003916518215594023,30.731300354003906,0.0005991030532395136
2023-06-16,17342.859375,17342.859375,17250.7890625,17288.91015625,6203100,3708.06005859375,-0.008473812796644165,13782.8203125,0.011473237282990212,30.65329933166504,0.00024472178612056084
2023-06-19,17274.0703125,17306.810546875,17210.869140625,17274.560546875,4654400,3708.06005859375,-0.008473812796644165,13782.8203125,0.011473237282990212,30.70800018310547,0.0015329208468650712
2023-06-20,17233.80078125,17247.16015625,17121.58984375,17184.91015625,4185300,3673.139892578125,-0.009417367967030188,13689.5703125,-0.006765668991231766,30.791799545288086,0.0026211736175225653
2023-06-21,17186.720703125,17246.76953125,17131.44921875,17202.400390625,4354900,3647.56005859375,-0.006964023895757676,13667.2900390625,-0.0016275363600825044,30.95330047607422,0.012273574855981906
2023-06-26,17182.48046875,17182.48046875,17011.279296875,17059.240234375,3970000,3506.7099609375,-0.01769256420448162,13492.51953125,-0.010130934474014253,30.996999740600586,0.009411213878203428
2023-06-27,17022.150390625,17035.490234375,16887.900390625,16887.900390625,4028700,3515.77001953125,0.0025836350010901565,13335.7802734375,-0.011616752338173497,31.003999710083008,0.006891450578678349
2023-06-28,16906.23046875,17011.119140625,16903.7109375,16935.630859375,3256100,3642.409912109375,0.03602052804210709,13555.669921875,0.01648869761865246,30.993499755859375,0.0012987073806953742
2023-06-29,16930.41015625,17077.439453125,16911.380859375,16942.30078125,3357100,3609.47998046875,-0.009040698997426877,13591.75,0.002661622651845219,31.056499481201172,0.004317147238578789
2023-06-30,16870.26953125,16919.94921875,16792.33984375,16915.5390625,3542500,3614.179931640625,0.0013021131014181453,13591.330078125,-3.0895350120463405e-05,31.117300033569336,0.00398469458808326
2023-07-03,16915.5390625,17103.73046875,16915.5390625,17084.19921875,3930600,3673.06005859375,0.016291421032377018,13787.919921875,0.014464356514040322,31.145999908447266,0.004806922253559831
2023-07-04,17084.19921875,17154.099609375,17042.599609375,17140.76953125,4436200,3673.06005859375,0.016291421032377018,13787.919921875,0.014464356514040322,31.087799072265625,0.0027028565012972017
2023-07-05,17140.76953125,17153.169921875,17020.009765625,17056.4296875,4153400,3703.6201171875,0.008320054152735512,13816.76953125,0.0020923830090737727,31.077999114990234,0.002726357455481665
2023-07-06,17056.4296875,17056.4296875,16749.2890625,16762.169921875,4369600,3622.320068359375,-0.021951508593128555,13791.650390625,-0.0018180183557514606,31.224199295043945,0.005399829879226603
2023-07-07,16762.169921875,16762.390625,16593.83984375,16664.2109375,3783700,3577.489990234375,-0.012376067624886744,13679.0400390625,-0.008165110655578123,31.326900482177734,0.0067358173229130625
2023-07-10,16664.2109375,16798.810546875,16635.830078125,16652.80078125,3379500,3577.72998046875,6.708341184191724e-05,13660.7197265625,-0.0013392981121250758,31.259000778198242,0.0036281021666710878
2023-07-11,16675.689453125,16898.91015625,16675.689453125,16898.91015625,3940800,3651.60009765625,0.020647203000440317,13685.48046875,0.0018125503401811294,31.360000610351562,0.008755896081713122
2023-07-12,16903.25,16962.029296875,16864.009765625,16962.029296875,4067700,3653.530029296875,0.0005285167019970505,13760.7001953125,0.005496316094583564,31.265499114990234,0.006033206941870262
2023-07-13,16994.58984375,17223.859375,16994.58984375,17061.400390625,4859500,3721.469970703125,0.018595698095117408,13918.9599609375,0.01150085121968658,31.03380012512207,-0.006097807925281029
2023-07-14,17152.810546875,17287.400390625,17128.0703125,17283.7109375,4457500,3797.1298828125,0.020330652324215936,14138.5703125,0.015777784559968477,30.957799911499023,-0.011782224382163031
2023-07-17,17279.109375,17346.66015625,17235.919921875,17334.2890625,4827400,3750.409912109375,-0.012304022286569793,14113.7001953125,-0.0017590263115579985,30.950000762939453,-0.009885153317962136
2023-07-18,17368.359375,17401.58984375,17164.919921875,17227.91015625,6165200,3837.31005859375,0.023170839593770864,14244.9501953125,0.009299474849521872,30.950000762939453,-0.013073974471696115
2023-07-19,17265.380859375,17340.8203125,17082.5390625,17116.439453125,4897100,3842.360107421875,0.0013160387748223368,14353.6396484375,0.007630033916212975,30.902999877929688,-0.011594225178600981
2023-07-20,17104.91015625,17214.41015625,17098.650390625,17164.890625,3659100,3801.659912109375,-0.010592498926345728,14358.01953125,0.0003051409203362887,31.04330062866211,0.00030613407000545934
2023-07-21,17106.2890625,17106.2890625,16859.130859375,17030.69921875,4256500,3663.85009765625,-0.03624990599873523,14063.3095703125,-0.02052580861142228,31.037799835205078,0.002584160500253674
2023-07-24,17036.7890625,17098.73046875,16941.150390625,17033.609375,4044800,3698.85009765625,0.009552792572597113,14032.8095703125,-0.0021687640343482917,31.32200050354004,0.0120193774290962
2023-07-25,17061.880859375,17270.19921875,17061.880859375,17198.890625,3822600,3692.320068359375,-0.0017654214484151831,14058.8701171875,0.0018571154083166785,31.299999237060547,0.011308512616910571
2023-07-26,17205.470703125,17247.01953125,17121.990234375,17162.55078125,4140400,3755.27001953125,0.01704888796377979,14144.5595703125,0.006095045505843499,31.166000366210938,0.008510516432713056
2023-07-27,17189.30078125,17282.859375,17189.30078125,17241.8203125,4509600,3699.3701171875,-0.014885721147351094,14127.2802734375,-0.0012216214148701443,31.214000701904297,0.005498773319373873
2023-07-28,17244.509765625,17328.2109375,17179.939453125,17292.9296875,4184900,3768.27001953125,0.01862476588207196,14050.1103515625,-0.005462475464587224,31.296300888061523,0.008328588180507523
2023-07-31,17341.0390625,17463.759765625,17081.48046875,17145.4296875,5016000,3851.760009765625,0.022156052990268682,14316.66015625,0.018971367342880407,31.353500366210938,0.0010056785059862072
2023-08-01,17141.970703125,17252.3203125,17095.859375,17212.869140625,3848500,3861.6298828125,0.0025624319848203125,14346.01953125,0.0020507139709664557,31.39889907836914,0.00315973941595149
2023-08-02,17207.220703125,17212.55078125,16844.5703125,16893.73046875,4905400,3858.2099609375,-0.0008856161721302325,14283.91015625,-0.004329380345865719,31.594999313354492,0.013764966376906607
2023-08-04,16847.240234375,16887.380859375,16748.509765625,16843.6796875,3836700,3708.080078125,-0.0009483832952458249,13959.7197265625,-0.0009826112061147585,31.640499114990234,0.010998048240902891
2023-08-07,16870.810546875,17032.3203125,16868.740234375,16996.0,3358800,3699.199951171875,-0.0023948045258006534,13909.240234375,-0.0036160820687143325,31.652000427246094,0.009520470044768636
2023-08-08,17006.4609375,17043.560546875,16812.58984375,16877.0703125,3689000,3739.409912109375,0.010869907403832535,13994.400390625,0.006122559882137724,31.66550064086914,0.008490793318408407
2023-08-09,16836.640625,16956.73046875,16798.5,16870.939453125,3230500,3679.419921875,-0.01604263550784013,13884.3203125,-0.007866008907301492,31.795499801635742,0.006345956405718445
2023-08-10,16827.109375,16827.109375,16601.169921875,16634.69921875,3822300,3610.47998046875,-0.018736633184047835,13722.01953125,-0.011689501365355404,31.708999633789062,0.00249443988228637
2023-08-11,16644.650390625,16766.83984375,16601.25,16601.25,3143400,3597.02001953125,-0.0037280253623653836,13737.990234375,0.0011638740994814878,31.741500854492188,0.0031921664425988983
2023-08-14,16585.41015625,16585.41015625,16307.2802734375,16393.66015625,3754700,3514.550048828125,-0.022927303783500275,13644.849609375,-0.006779785355134793,31.893999099731445,0.007645604360507985
2023-08-15,16438.630859375,16546.009765625,16437.630859375,16454.80078125,3164800,3615.449951171875,0.028709194901746615,13788.330078125,0.010515357285537208,31.90399932861328,0.007531814843196205
2023-08-16,16422.19921875,16446.779296875,16304.4404296875,16446.779296875,3521200,3553.9599609375,-0.01700756228542022,13631.0498046875,-0.011406767356623049,31.864900588989258,0.0021827235862461603
2023-08-17,16411.630859375,16550.109375,16264.650390625,16516.66015625,3718500,3480.080078125,-0.02078804590499983,13474.6298828125,-0.011475265963829862,31.912799835205078,0.006427203751923072
2023-08-18,16508.4609375,16583.94921875,16344.2900390625,16381.3095703125,3834000,3446.35009765625,-0.009692300094118256,13316.9296875,-0.011703489942506917,31.896400451660156,0.004880033804263162
2023-08-21,16414.140625,16485.25,16347.76953125,16381.490234375,2647300,3462.739990234375,0.004755724785265203,13290.7802734375,-0.001963621846486574,31.902000427246094,0.00025087250707023223
2023-08-22,16429.689453125,16535.0703125,16407.830078125,16437.609375,2929100,3560.739990234375,0.028301287499604255,13497.58984375,0.015560378401998198,31.916200637817383,0.00038243823535810684
2023-08-23,16440.390625,16588.509765625,16440.390625,16576.900390625,3025900,3527.68994140625,-0.009281792245085962,13505.8701171875,0.0006134631095886522,31.976999282836914,0.0035179364057513762
2023-08-24,16651.029296875,16822.359375,16651.029296875,16770.869140625,3988000,3602.010009765625,0.021067630544012284,13721.0302734375,0.015930862238648924,31.85580062866211,-0.0017860923152248631
2023-08-25,16708.529296875,16708.529296875,16481.580078125,16481.580078125,3217200,3481.300048828125,-0.0335118338400604,13463.9697265625,-0.018734784615455746,31.81410026550293,-0.002580234289507155
2023-08-28,16498.859375,16582.9609375,16498.859375,16509.259765625,3052400,3495.64990234375,0.004121981246762996,13590.650390625,0.00940886429747212,31.812000274658203,-0.002821144485692706
2023-08-29,16528.490234375,16627.69921875,16495.759765625,16623.650390625,2649500,3537.8701171875,0.012077930005359727,13705.1298828125,0.008423400565617412,31.81800079345703,-0.0030768024513543324
2023-08-30,16666.330078125,16780.419921875,16666.330078125,16719.8203125,2979300,3629.570068359375,0.025919535803867744,13943.759765625,0.017411719907285406,31.767000198364258,-0.006567191705988851
2023-08-31,16707.349609375,16712.220703125,16630.669921875,16634.509765625,3812000,3643.919921875,0.00395359594810385,14019.3095703125,0.005418180315595267,31.798799514770508,-0.0017893480234904002
2023-09-01,16640.919921875,16730.130859375,16619.23046875,16644.939453125,3194100,3670.929931640625,0.00741234998153506,14034.9697265625,0.001117041903629934,31.80780029296875,-0.00019802453885553462
2023-09-04,16649.669921875,16789.689453125,16648.509765625,16789.689453125,2734900,3670.929931640625,0.00741234998153506,14034.9697265625,0.001117041903629934,31.863000869750977,0.0016031873083253156
2023-09-05,16784.119140625,16791.609375,16727.439453125,16791.609375,2626500,3682.840087890625,0.0032444520793881715,14031.8095703125,-0.00022516302575414926,31.857799530029297,0.0012508245515050476
2023-09-06,16796.369140625,16841.189453125,16732.689453125,16738.16015625,3123200,3683.7900390625,0.0002579398369748631,14020.9501953125,-0.0007739112297372452,31.904499053955078,0.00432835504555773
2023-09-07,16715.44921875,16715.44921875,16609.939453125,16619.140625,2727400,3654.4599609375,-0.007961929918368638,13872.4697265625,-0.010589900590306622,31.933900833129883,0.004248629521269143
2023-09-08,16609.9296875,16609.9296875,16505.640625,16576.01953125,2492600,3582.110107421875,-0.019797686741398812,13748.830078125,-0.008912590971509537,32.03139877319336,0.007029674424673615
2023-09-11,16579.830078125,16600.029296875,16398.30078125,16432.94921875,3098400,3565.989990234375,-0.0045001735580657565,13761.5302734375,0.000923729163887721,32.084999084472656,0.006967272656745571
2023-09-12,16433.8203125,16579.859375,16422.91015625,16572.7109375,2744800,3569.22998046875,0.0009085808550355345,13917.8896484375,0.011362063076793438,31.9064998626709,0.001528678482507706
2023-09-13,16578.130859375,16653.30078125,16542.720703125,16581.509765625,2656800,3541.090087890625,-0.007884023369777227,13773.6103515625,-0.010366463632020317,31.96380043029785,0.0018587151687443626
2023-09-14,16581.619140625,16807.560546875,16581.619140625,16807.560546875,3031000,3560.4599609375,0.005470031139030773,13813.58984375,0.0029026153032538637,31.894899368286133,-0.0012213185306596541
2023-09-15,16809.740234375,16920.919921875,16787.740234375,16920.919921875,4307600,3584.22998046875,0.006676109208370695,13926.0498046875,0.008141255257291702,31.868900299072266,-0.005073099531859526
2023-09-18,16893.970703125,16893.970703125,16698.240234375,16698.240234375,2642300,3476.389892578125,-0.030087379570582606,13708.330078125,-0.015633990228098638,31.878000259399414,-0.006451576468126441
2023-09-19,16706.48046875,16762.51953125,16636.3203125,16636.3203125,2872700,3492.469970703125,0.004625510550277934,13710.240234375,0.0001393427382558876,31.898500442504883,-0.00025071443751101263
2023-09-20,16626.609375,16665.26953125,16522.380859375,16534.75,2959400,3459.02001953125,-0.009577734798716264,13678.1904296875,-0.0023376544932555143,31.979999542236328,0.0005067955537327862
2023-09-21,16475.419921875,16475.419921875,16300.5400390625,16316.669921875,2823600,3398.81005859375,-0.017406652924101707,13469.1298828125,-0.0152842254938379,32.0088996887207,0.003574249259050033
2023-09-22,16267.3203125,16360.9599609375,16202.4296875,16344.48046875,2268200,3338.85009765625,-0.01764145683454532,13223.98046875,-0.01820083525776428,32.13800048828125,0.00844397474288816
2023-09-25,16345.7802734375,16498.380859375,16345.7802734375,16452.23046875,2049400,3365.2900390625,0.007918876449352963,13211.8095703125,-0.0009203657299904355,32.13100051879883,0.007936516009181549
2023-09-26,16440.259765625,16440.259765625,16276.0703125,16276.0703125,2412200,3389.4599609375,0.007182121479708536,13271.3203125,0.00450435966933882,32.10279846191406,0.006404627696446452
2023-09-27,16273.83984375,16324.2197265625,16212.8603515625,16310.3603515625,2187900,3329.6201171875,-0.017654683766628376,13063.6103515625,-0.01565103968908521,32.18980026245117,0.006560372833581685
2023-09-28,16330.7099609375,16411.279296875,16311.41015625,16353.740234375,2477900,3361.409912109375,0.009547574138495829,13092.849609375,0.0022382218257912534,32.225799560546875,0.006776236419729242
2023-10-02,16382.9599609375,16575.310546875,16382.9599609375,16557.310546875,2669600,3434.2900390625,0.003887777767865863,13219.3203125,0.0013665370849522684,32.244998931884766,0.0035479260292328174
2023-10-03,16520.240234375,16571.66015625,16453.80078125,16454.33984375,2697100,3448.85009765625,0.004239612388045266,13307.76953125,0.006690905179622897,32.306800842285156,0.006354660345674112
2023-10-04,16419.48046875,16419.48046875,16203.33984375,16273.3798828125,2624800,3376.580078125,-0.02095481609373595,13059.4697265625,-0.018658258553729046,32.31169891357422,0.003786871932387914
2023-10-05,16313.8896484375,16477.609375,16313.8896484375,16453.51953125,2503200,3424.919921875,0.014316214226094415,13236.009765625,0.013518162893201069,32.29119873046875,0.002029404105210908
2023-10-06,16482.9296875,16539.130859375,16482.9296875,16520.5703125,2296800,3406.97998046875,-0.005238061565079888,13219.830078125,-0.0012223991812109203,32.20370101928711,0.004457230646366828
2023-10-11,16567.4296875,16729.5,16567.4296875,16672.029296875,3635100,3512.070068359375,0.01289744890005573,13562.83984375,0.0058289980012835585,32.01649856567383,-0.009136020631102637
2023-10-12,16698.849609375,16825.91015625,16684.4296875,16825.91015625,2917100,3537.830078125,0.007334708381162347,13659.6796875,0.007140086063511575,32.059200286865234,-0.007184572042059578
2023-10-13,16815.91015625,16815.91015625,16726.4296875,16782.5703125,2955800,3548.6201171875,0.003049903139558996,13574.2197265625,-0.006256366393108337,32.1697998046875,-0.0010527117544442133
2023-10-16,16712.9296875,16712.9296875,16614.099609375,16652.240234375,2843500,3452.969970703125,-0.02695418030831198,13407.23046875,-0.012301941561011387,32.19490051269531,0.0023943110437967263
2023-10-17,16678.279296875,16770.640625,16618.30078125,16642.55078125,2965400,3502.510009765625,0.01434708076896829,13567.98046875,0.011989799114342059,32.186500549316406,0.001530992569380052
2023-10-18,16608.01953125,16612.25,16398.759765625,16440.91015625,3844900,3474.659912109375,-0.007951468397977113,13533.75,-0.002522886057275797,32.32500076293945,0.009635725675398499
2023-10-19,16416.5390625,16479.349609375,16382.400390625,16452.73046875,2608200,3413.449951171875,-0.017616101283518426,13314.2998046875,-0.01621503244204303,32.395301818847656,0.010483777791554072
2023-10-20,16434.4296875,16462.560546875,16271.8203125,16440.720703125,3035200,3367.77001953125,-0.01338233526023802,13186.1796875,-0.009622745399077814,32.34830093383789,0.00554871743791141
2023-10-23,16391.41015625,16391.41015625,16245.83984375,16251.3603515625,2273100,3316.139892578125,-0.015330656978860824,12983.8095703125,-0.01534713783548236,32.332000732421875,0.004258445205398198
2023-10-24,16257.7998046875,16318.76953125,16163.0,16309.759765625,2642000,3298.5400390625,-0.0053073314412988015,13018.330078125,0.002658734913320915,32.236000061035156,0.0015378966608348144
2023-10-25,16320.7099609375,16459.33984375,16320.7099609375,16358.8896484375,2667800,3343.93994140625,0.013763635367801452,13139.8701171875,0.009336069859430474,32.20399856567383,-0.003743300677794714
2023-10-26,16305.16015625,16305.16015625,16073.740234375,16073.740234375,2572100,3205.840087890625,-0.041298544811049775,12821.2197265625,-0.02425064995187376,32.38029861450195,-0.00046312901881884194
2023-10-27,16112.75,16200.2998046875,16112.75,16134.6103515625,2142800,3188.419921875,-0.005433884890711171,12595.6103515625,-0.01759656099899698,32.3588981628418,0.00032759770058965465
2023-10-30,16142.0595703125,16203.330078125,16101.240234375,16149.6796875,2250800,3227.090087890625,0.01212831652139612,12643.009765625,0.0037631692898962843,32.41400146484375,0.00253620965496415
2023-10-31,16176.580078125,16215.349609375,15975.91015625,16001.26953125,2703600,3185.179931640625,-0.01298698056408909,12789.48046875,0.011585113500682365,32.247501373291016,0.00035678472000499895
2023-11-01,16027.7197265625,16099.0302734375,15978.259765625,16038.5595703125,2183800,3215.889892578125,0.009641515266511691,12851.240234375,0.004828950306144497,32.40290069580078,0.0061763178172216104
2023-11-02,16094.259765625,16396.94921875,16094.259765625,16396.94921875,2464200,3290.949951171875,0.0233403695714145,13061.4697265625,0.016358692885156012,32.376800537109375,-0.00010803104178325196
2023-11-03,16412.5390625,16520.099609375,16412.5390625,16507.650390625,2809400,3368.5400390625,0.023576805798275924,13294.1904296875,0.017817344295621318,32.159000396728516,-0.006177520789098612
2023-11-06,16572.560546875,16720.560546875,16572.560546875,16649.359375,2709700,3454.570068359375,0.02553926279612173,13478.2802734375,0.013847390311102048,32.08940124511719,-0.010014197724974583
2023-11-07,16650.140625,16684.94921875,16608.099609375,16684.94921875,2180100,3444.889892578125,-0.002802136181839665,13518.7802734375,0.0030048343837911773,32.10200119018555,-0.004511983158669741
2023-11-08,16691.3203125,16775.23046875,16665.400390625,16740.830078125,2664300,3471.4599609375,0.007712893354478112,13639.8603515625,0.008956435098135707,32.0802001953125,-0.009959000384496486
2023-11-09,16741.16015625,16759.4296875,16680.91015625,16745.650390625,2433800,3472.669921875,0.00034854526657812634,13650.41015625,0.0007734540102011245,32.215999603271484,-0.004966547996414494
2023-11-10,16725.939453125,16725.939453125,16651.23046875,16682.669921875,2157500,3452.340087890625,-0.0058542373567708195,13521.4501953125,-0.00944733231172945,32.253501892089844,0.0029385706705902237
2023-11-13,16711.529296875,16961.01953125,16711.529296875,16839.2890625,2512400,3591.739990234375,0.040378380691029614,13798.1103515625,0.020460834618605483,32.34579849243164,0.007990091349973971
2023-11-14,16884.51953125,16946.380859375,16884.51953125,16915.7109375,2619800,3556.75,-0.009741793762775064,13767.740234375,-0.0022010345194884984,32.24449920654297,0.004438913808307632
2023-11-15,17039.619140625,17143.880859375,17034.94921875,17128.779296875,3950300,3685.570068359375,0.03621847708142978,14094.3798828125,0.02372500082634854,32.07699966430664,-9.976655339971607e-05
2023-11-16,17136.51953125,17194.3203125,17089.400390625,17171.1796875,3308400,3712.090087890625,0.00719563569254178,14103.83984375,0.0006711867436635099,32.00859832763672,-0.00643783456012037
2023-11-17,17155.859375,17253.470703125,17147.560546875,17208.94921875,3186300,3724.10009765625,0.0032353766964878794,14113.669921875,0.0006969788535535759,31.836999893188477,-0.012913388452976404
2023-11-20,17197.8203125,17219.759765625,17151.8203125,17210.470703125,3044800,3748.64990234375,0.006592144153952928,14125.48046875,0.0008368161463585544,31.734699249267578,-0.018892693074404998
2023-11-21,17239.939453125,17421.169921875,17239.939453125,17416.69921875,3727100,3805.81005859375,0.015248198081731168,14284.5302734375,0.011259780156814392,31.468000411987305,-0.02408158953196271
2023-11-22,17325.599609375,17344.529296875,17264.94921875,17310.259765625,3167500,3732.7900390625,-0.01918645923129203,14199.98046875,-0.005918976898016903,31.374000549316406,-0.021915987229082723
2023-11-23,17291.330078125,17343.609375,17228.44921875,17294.55078125,3179200,3732.7900390625,-0.01918645923129203,14199.98046875,-0.005918976898016903,31.51799964904785,-0.015327090351384687
2023-11-24,17304.650390625,17336.130859375,17268.380859375,17287.419921875,3037300,3744.9599609375,0.0032602749545636023,14265.8603515625,0.004639434748342275,31.61400032043457,-0.00700441541294905
2023-11-27,17291.23046875,17351.9296875,17133.759765625,17137.419921875,3164500,3747.929931640625,0.000793058065801544,14250.849609375,-0.0010522142946574053,31.63599967956543,-0.0031101466860262716
2023-11-28,17150.30078125,17360.380859375,17145.19921875,17341.25,3435400,3739.31005859375,-0.0022999024005504465,14241.01953125,-0.0006897889174645178,31.524999618530273,0.001811338686815711
2023-11-29,17352.109375,17441.7890625,17323.26953125,17370.560546875,3414100,3718.35009765625,-0.005605301675727481,14281.759765625,0.0028607666948001764,31.27199935913086,-0.0032511375151286215
2023-11-30,17389.19921875,17433.849609375,17313.30078125,17433.849609375,4478400,3753.360107421875,0.009415468916628589,14258.490234375,-0.001629318209511399,31.069000244140625,-0.014245809058532344
2023-12-01,17422.349609375,17450.130859375,17355.890625,17438.349609375,3399000,3724.580078125,-0.00766780390721522,14226.2197265625,-0.002263248582567323,31.374000549316406,-0.007591566036742048
2023-12-04,17450.640625,17516.609375,17398.099609375,17421.48046875,3929200,3738.27001953125,0.0036755664045600156,14305.0302734375,0.005539809477836721,31.18899917602539,-0.014129488812353541
2023-12-05,17401.58984375,17401.58984375,17252.5703125,17328.009765625,3623500,3693.43994140625,-0.011992199036125584,14185.490234375,-0.00835650374571173,31.423599243164062,-0.0032165067912199863
2023-12-06,17340.8203125,17439.849609375,17337.470703125,17360.720703125,3307100,3672.39990234375,-0.005696597046732865,14229.91015625,0.0031313631845699685,31.516000747680664,0.007802551597282603
2023-12-07,17356.919921875,17387.939453125,17273.7109375,17278.740234375,3368200,3645.820068359375,-0.0072377286491625,14146.7099609375,-0.00584685317046485,31.489099502563477,0.013521492649319455
2023-12-08,17309.359375,17465.349609375,17309.359375,17383.990234375,3155300,3747.5400390625,0.027900436334176826,14339.990234375,0.013662559985409661,31.427000045776367,0.0016892807908461815
2023-12-11,17416.9609375,17451.8203125,17372.8203125,17418.33984375,3003300,3774.169921875,0.007105963521382819,14403.9697265625,0.004461613372241491,31.409500122070312,0.007069830769511176
2023-12-12,17429.609375,17528.720703125,17404.880859375,17450.630859375,3356500,3902.389892578125,0.033973025422084246,14432.490234375,0.001980044970512962,31.327999114990234,-0.0030423035704487678
2023-12-13,17447.509765625,17507.919921875,17438.689453125,17468.9296875,3410000,3930.179931640625,0.0071212871669623645,14533.400390625,0.006991874209597793,31.473100662231445,-0.0013612160309514065
2023-12-14,17482.380859375,17668.349609375,17482.380859375,17653.109375,4072600,3990.949951171875,0.015462401362851041,14733.9599609375,0.013799906761109648,31.156999588012695,-0.010546504021931358
2023-12-15,17693.330078125,17743.5390625,17642.7890625,17673.869140625,5019300,4097.47021484375,0.02669045339458509,14761.5595703125,0.001873196984936376,31.18429946899414,-0.007722677202046335
2023-12-18,17637.859375,17665.91015625,17586.880859375,17652.029296875,3975400,4117.0,0.004766303141265027,14813.919921875,0.0035470745020602656,31.34779930114746,-0.0019643999644393118
2023-12-19,17669.83984375,17669.83984375,17497.3203125,17576.55078125,3914800,4103.7900390625,-0.0032086375850133297,14904.8095703125,0.00613542188136762,31.375,0.0015002836547985954
2023-12-20,17608.349609375,17657.650390625,17597.48046875,17635.19921875,4182900,4125.56005859375,0.005304857052633949,15003.2197265625,0.00660257722755575,31.270000457763672,-0.006453136176426955
2023-12-21,17531.44921875,17552.900390625,17442.759765625,17543.740234375,4021800,4007.659912109375,-0.028577973610827256,14777.9404296875,-0.015015396760213684,31.309999465942383,0.004910610134249094
2023-12-22,17586.16015625,17618.169921875,17567.55078125,17596.630859375,3700300,4118.58984375,0.027679477319281443,14963.8701171875,0.012581569697390549,31.19300079345703,0.00027902901816156955
2023-12-25,17596.26953125,17663.349609375,17595.26953125,17604.83984375,3027400,4118.58984375,0.027679477319281443,14963.8701171875,0.012581569697390549,31.079999923706055,-0.008542844582764775
2023-12-26,17619.08984375,17751.73046875,17619.08984375,17751.73046875,2900000,4132.85009765625,0.0034624117591826042,14992.9697265625,0.00194465797598542,31.119699478149414,-0.008137068425516647
2023-12-27,17766.73046875,17897.16015625,17766.73046875,17891.5,3378000,4207.4501953125,0.018050521043227796,15074.5703125,0.005442589922190821,30.94300079345703,-0.010457296434911112
2023-12-28,17900.759765625,17928.140625,17841.759765625,17910.369140625,3289700,4214.58984375,0.0016969062273046731,15099.1796875,0.00163250921849456,30.845699310302734,-0.014829133297964203
2023-12-29,17893.630859375,17945.69921875,17864.23046875,17930.810546875,2868000,4208.68017578125,-0.001402192903186994,15095.1396484375,-0.00026756679144923634,30.697999954223633,-0.01586897145648225
2024-01-02,17939.7890625,17956.740234375,17784.970703125,17853.759765625,3254000,4175.47021484375,-0.007890825520220357,15011.349609375,-0.005550795886222426,30.66860008239746,-0.014495621850997953
2024-01-03,17829.279296875,17829.279296875,17518.189453125,17559.310546875,3095000,4023.0400390625,-0.036506110195532626,14765.9404296875,-0.016348242234944355,30.878999710083008,-0.0020683541263896155
2024-01-04,17574.390625,17609.890625,17515.73046875,17549.650390625,3096700,3941.2099609375,-0.02034035886554808,14592.2099609375,-0.011765621673558213,31.041900634765625,0.0063607351705383675
2024-01-05,17559.400390625,17606.7890625,17495.390625,17519.140625,3084900,3908.85009765625,-0.008210641808474639,14510.2998046875,-0.005613279720430908,31.054000854492188,0.011596876044023041
2024-01-08,17534.51953125,17688.109375,17534.51953125,17572.66015625,3044600,3933.489990234375,0.0063036166551639905,14524.0703125,0.0009490160780862844,30.95199966430664,0.008796639267916628
2024-01-09,17585.400390625,17694.259765625,17517.55078125,17535.490234375,3213400,4062.47998046875,0.03279275924296665,14843.76953125,0.022011682116056308,30.72100067138672,0.0017086071372176548
2024-01-10,17495.669921875,17499.4296875,17439.26953125,17465.630859375,2843300,4064.64990234375,0.0005341372475513584,14857.7099609375,0.0009391435011270044,31.061100006103516,0.005897221339104641
2024-01-11,17477.880859375,17574.919921875,17476.869140625,17545.3203125,2880100,4048.840087890625,-0.003889588238339736,14969.650390625,0.007534164415768263,31.117799758911133,0.0024450540267662024
2024-01-12,17536.05078125,17570.630859375,17469.869140625,17512.830078125,2596200,4067.89990234375,0.004707475237199388,14970.1904296875,3.6075596183460235e-05,30.893999099731445,-0.005152371686677482
2024-01-15,17541.259765625,17632.76953125,17532.98046875,17546.8203125,0,4067.89990234375,0.004707475237199388,14970.1904296875,3.6075596183460235e-05,31.075599670410156,0.003993280157793766
2024-01-16,17523.779296875,17523.779296875,17337.580078125,17346.869140625,3415100,4052.429931640625,-0.003802937897811054,14972.759765625,0.0001716301438894341,31.19499969482422,0.015429153122573203
2024-01-17,17341.580078125,17361.05078125,17151.580078125,17161.7890625,3977500,4105.93994140625,0.013204425657758811,14944.349609375,-0.0018974562268223583,31.45800018310547,0.012778046396423992
2024-01-18,17169.099609375,17300.2890625,17169.099609375,17227.7890625,3027100,4069.949951171875,-0.00876534745952684,14855.6201171875,-0.005937327117390034,31.542499542236328,0.013648130221789678
2024-01-19,17546.509765625,17682.970703125,17499.849609375,17681.51953125,3364900,4206.52001953125,0.0335557119861023,15055.650390625,0.013464956148553586,31.58060073852539,0.022224433831873558
2024-01-22,17770.779296875,17869.0703125,17765.130859375,17815.099609375,3480100,4375.64990234375,0.04020660356475547,15310.9697265625,0.016958373056834786,31.383800506591797,0.009917775986640232
2024-01-23,17840.279296875,17893.73046875,17801.890625,17874.58984375,3182700,4386.60009765625,0.002502530037111761,15360.2900390625,0.0032212402859392864,31.368000030517578,0.005545771353928419
2024-01-24,17883.619140625,17944.98046875,17856.33984375,17875.830078125,2687500,4415.259765625,0.00653345810666961,15425.9404296875,0.004274033267473776,31.395000457763672,-0.002002661484363233
2024-01-25,17894.830078125,18014.259765625,17894.830078125,18002.619140625,2496500,4483.330078125,0.01541705723182174,15481.919921875,0.0036289192508331958,31.29199981689453,-0.007941657413876535
2024-01-26,17985.439453125,18029.849609375,17943.650390625,17995.029296875,2484900,4472.259765625,-0.002469216476835845,15510.5,0.0018460293212483325,31.315000534057617,-0.008410232809275442
2024-01-29,18001.240234375,18119.630859375,17995.109375,18119.630859375,2167700,4342.10009765625,-0.029103780815504576,15455.3603515625,-0.0035549884554011424,31.273099899291992,-0.0035273168167301305
2024-01-30,18083.44921875,18138.740234375,18034.630859375,18034.630859375,2422700,4388.27001953125,0.010633085566111422,15628.0400390625,0.011172802417547256,31.184999465942383,-0.0058339889185525795
2024-01-31,17970.41015625,17996.330078125,17874.94921875,17889.560546875,2303000,4319.990234375,-0.015559613435898734,15509.900390625,-0.007559466711257956,31.159099578857422,-0.007513963225565523
2024-02-01,17871.26953125,17968.109375,17832.94921875,17968.109375,2620500,4260.919921875,-0.013673714359344169,15164.009765625,-0.022301279588428202,31.2450008392334,-0.001501948674937581
2024-02-02,18016.349609375,18059.9296875,17985.890625,18059.9296875,2697800,4280.47998046875,0.004590571743282812,15361.6396484375,0.013032824817912125,31.233999252319336,-0.0025866607171277645
2024-02-05,18047.400390625,18115.80078125,17992.169921875,18096.0703125,2575800,4336.72998046875,0.013141049661874682,15628.9501953125,0.01740117285606213,31.3257999420166,0.0016851557055206356
2024-02-15,18664.44921875,18725.470703125,18550.859375,18644.5703125,3727500,4565.41015625,0.021760532620363593,15859.150390625,0.013001787624161487,31.34510040283203,-0.00069181125209683
2024-02-16,18639.66015625,18715.689453125,18585.140625,18607.25,3658600,4558.10009765625,-0.001601183320570354,15906.169921875,0.0029648203145733465,31.262699127197266,-0.0012970430987917503
2024-02-19,18561.0390625,18663.740234375,18561.0390625,18635.80078125,3839600,4558.10009765625,-0.001601183320570354,15906.169921875,0.0029648203145733465,31.333200454711914,-0.0011030197994486013
2024-02-20,18610.2109375,18756.330078125,18610.2109375,18753.16015625,3375300,4527.68017578125,-0.006673816112691688,15775.650390625,-0.008205591408306456,31.402099609375,0.003633901285730934
2024-02-21,18673.490234375,18729.029296875,18645.26953125,18676.310546875,3295300,4456.8701171875,-0.015639368472295412,15630.7802734375,-0.00918314703992118,31.37779998779297,-0.0028885978753913077
2024-02-22,18826.849609375,18881.76953125,18758.150390625,18852.779296875,3580200,4446.35986328125,-0.0023582140896855064,15580.8701171875,-0.003193068764124063,31.426300048828125,0.0025905052130175132
2024-02-23,18950.0703125,19012.380859375,18889.189453125,18889.189453125,3696800,4667.3701171875,0.049705885421328144,16041.6201171875,0.029571519211352593,31.45400047302246,0.006119156412146554
2024-02-26,18899.390625,18974.080078125,18854.7109375,18948.05078125,3220600,4615.02978515625,-0.011214095029341675,15996.8203125,-0.002792723201286873,31.601999282836914,0.008578722384695814
2024-02-27,18964.490234375,19023.009765625,18752.529296875,18854.41015625,3784600,4663.47021484375,0.010496233381483977,15976.25,-0.0012859000787753816,31.5487003326416,0.0046685006763953485
2024-02-29,18796.5390625,19019.689453125,18794.619140625,18966.76953125,3892000,4602.60009765625,-0.011233356218232737,15947.740234375,-0.005460426146002173,31.647899627685547,0.007051405304255187
2024-03-01,19021.349609375,19041.919921875,18923.4609375,18935.9296875,3350500,4726.919921875,0.027010781206487255,16091.919921875,0.009040759717745095,31.614900588989258,0.005115410235489781
2024-03-04,18952.689453125,19333.390625,18952.689453125,19305.310546875,4014800,4929.580078125,0.04287361740827045,16274.9404296875,0.011373441373127013,31.55929946899414,-0.0013511744450283025
2024-03-05,19398.970703125,19453.849609375,19332.73046875,19386.919921875,3826500,4981.97021484375,0.010627707814552245,16207.509765625,-0.004143220330287578,31.509300231933594,-0.0012488660481282388
2024-03-06,19283.609375,19532.30078125,19246.30078125,19499.44921875,3886200,4879.830078125,-0.020501956518010456,15939.58984375,-0.016530603760192664,31.54050064086914,-0.0011242580603539887
2024-03-07,19678.359375,19794.5703125,19630.7890625,19693.51953125,4581400,4997.93017578125,0.02420168238760234,16031.5400390625,0.005768667588931464,31.464000701904297,-0.005810778217344215
2024-03-08,19966.490234375,20065.5,19638.130859375,19785.3203125,4903500,5165.830078125,0.03359388715699785,16273.3798828125,0.015085253391797115,31.434799194335938,-0.005696725003021097
2024-03-11,19671.900390625,19828.69921875,19649.669921875,19726.080078125,3536700,4957.77978515625,-0.04027431987160224,16085.1103515625,-0.011569172022392493,31.452999114990234,-0.003368273560962365
2024-03-12,19672.759765625,19917.060546875,19664.7109375,19914.55078125,4044500,4890.2001953125,-0.013631018877862555,16019.26953125,-0.004093277501581061,31.362199783325195,-0.004668477164698093
2024-03-13,20024.830078125,20112.810546875,19866.73046875,19928.509765625,4854900,4992.509765625,0.02092134600349671,16265.6396484375,0.015379609957051343,31.398799896240234,-0.004492659968919344
2024-03-14,19920.630859375,19995.509765625,19775.5,19937.919921875,4476200,4868.9501953125,-0.02474898920844315,16177.76953125,-0.00540219254125307,31.406600952148438,-0.0018242991506285389
2024-03-15,19845.44921875,19888.130859375,19682.5,19682.5,5186200,4783.64990234375,-0.01751923711416714,16128.5302734375,-0.0030436369931828855,31.525999069213867,0.002901239302154135
2024-03-18,19706.109375,19879.859375,19706.109375,19879.849609375,3761200,4757.7099609375,-0.005422625387685787,15973.169921875,-0.009632641594030877,31.603700637817383,0.0047913244227106855
2024-03-19,19798.119140625,19921.25,19762.16015625,19857.19921875,4061600,4757.60009765625,-2.309163066938069e-05,16103.4501953125,0.008156194047562515,31.641000747680664,0.008889713294400359
2024-03-20,19879.25,19994.419921875,19728.4296875,19784.44921875,4499200,4712.81005859375,-0.009414418644510536,16166.7900390625,0.003933308886094222,31.73040008544922,0.01056091921681035
2024-03-21,19843.80078125,20199.30078125,19843.80078125,20199.08984375,4424400,4788.18017578125,0.015992606587244884,16369.41015625,0.01253310748131975,31.76219940185547,0.011322411178746439
2024-03-22,20232.060546875,20296.099609375,20084.310546875,20228.4296875,4690300,4897.8798828125,0.022910521952810736,16401.83984375,0.0019811152137096943,31.882999420166016,0.011323998017267245
2024-03-25,20228.640625,20285.380859375,20172.80078125,20192.25,3611700,4908.259765625,0.002119260386300059,16428.8203125,0.0016449659920487747,31.934999465942383,0.010482912489322871
2024-03-26,20208.880859375,20397.0703125,19977.400390625,20126.490234375,4582900,4891.490234375,-0.003416594078301527,16384.470703125,-0.0026995005442512765,31.733999252319336,0.0029391770943114626
2024-03-27,20158.0703125,20255.099609375,20108.9609375,20200.119140625,3865800,4851.8798828125,-0.008097808574601184,16315.7001953125,-0.004197298103708835,31.885299682617188,0.004881741066952383
2024-03-28,20213.33984375,20222.19921875,20065.9296875,20146.55078125,4294000,4899.9501953125,0.009907564420604587,16399.51953125,0.005137342249128984,31.979400634765625,0.006838356190707273
2024-03-29,20156.33984375,20335.919921875,20156.33984375,20294.44921875,4231500,4899.9501953125,0.009907564420604587,16399.51953125,0.005137342249128984,32.01810073852539,0.004237409303276651
2024-04-01,20319.73046875,20387.23046875,20217.580078125,20222.330078125,3144500,4905.2099609375,0.001073432466728308,16379.4599609375,-0.0012231803666122865,31.93400001525879,-3.1296405207714706e-05
2024-04-02,20359.810546875,20466.5703125,20359.810546875,20466.5703125,3410300,4962.10009765625,0.011597900430724284,16396.830078125,0.001060481678206937,32.01499938964844,0.008854860526555486
2024-04-03,20388.83984375,20403.73046875,20269.66015625,20337.599609375,3449300,4886.93994140625,-0.015146844031925233,16240.4501953125,-0.009537202134034861,32.03900146484375,0.004820459075388861
2024-04-08,20395.05078125,20487.830078125,20379.830078125,20417.69921875,3597800,4819.1298828125,0.01325885887390399,16248.51953125,0.01242684640827707,32.11119842529297,0.005548894906667101
2024-04-09,20521.560546875,20820.810546875,20521.560546875,20796.19921875,4638900,4825.39013671875,0.0012990423704033471,16253.9599609375,0.0003348261776734418,32.07279968261719,0.0018054129024109855
2024-04-10,20789.419921875,20883.689453125,20763.529296875,20763.529296875,4529300,4870.81005859375,0.009412694225359619,16306.6396484375,0.0032410371150539685,31.96619987487793,-0.0022722802408715603
2024-04-11,20713.25,20770.830078125,20651.880859375,20753.220703125,4546200,4790.35009765625,-0.016518804874261384,16170.3603515625,-0.008357288798496176,32.18299865722656,0.006703376913974157
2024-04-12,20772.7890625,20825.0390625,20713.869140625,20736.5703125,4725000,4906.3701171875,0.02421952825285456,16442.19921875,0.016810934405752542,32.2244987487793,0.005507314379592065
2024-04-15,20586.529296875,20623.76953125,20449.76953125,20449.76953125,4754200,4745.0498046875,-0.032879768270004495,16175.08984375,-0.0162453557122334,32.25400161743164,0.004447146140338143
2024-04-16,20365.109375,20365.109375,19844.5390625,19901.9609375,5377200,4679.10009765625,-0.013898633259044058,15885.01953125,-0.01793315000423834,32.38880157470703,0.009852644459383164
2024-04-17,19986.619140625,20264.990234375,19986.619140625,20213.330078125,3987800,4720.52978515625,0.008854199875046875,15865.25,-0.0012445393102040736,32.49789810180664,0.016633138409003267
2024-04-18,20126.5703125,20363.08984375,20057.810546875,20301.19921875,4862300,4567.31005859375,-0.03245816328588813,15683.3701171875,-0.011464041399442126,32.3380012512207,0.004816288116748835
2024-04-19,19992.060546875,19992.060546875,19291.880859375,19527.119140625,7130900,4491.7099609375,-0.01655243385852523,15601.5,-0.005220186514490188,32.41590118408203,0.00593965593677348
2024-04-22,19466.439453125,19695.490234375,19395.310546875,19411.220703125,5729000,4306.8701171875,-0.04115133108715252,15282.009765625,-0.020478174173957586,32.50400161743164,0.007750976234368601
2024-04-23,19564.380859375,19709.0,19509.740234375,19599.279296875,4097700,4381.919921875,0.017425602037079546,15451.3095703125,0.011078373020564358,32.58300018310547,0.005995856560191193
2024-04-24,19770.4609375,20165.76953125,19770.4609375,20131.740234375,4696300,4478.7998046875,0.022109003482438272,15696.6396484375,0.015877623641452843,32.503501892089844,0.00017243546846157365
2024-04-25,20003.0,20003.0,19848.5703125,19857.419921875,3809400,4526.2001953125,0.010583279604368778,15712.75,0.0010263567185926359,32.62730026245117,0.008946100563947068
2024-04-26,20094.169921875,20226.2890625,20087.609375,20120.509765625,4713100,4615.0400390625,0.019627908602453337,15611.759765625,-0.006427279398895758,32.53099822998047,0.003550635388626988
2024-04-29,20235.9296875,20495.51953125,20235.9296875,20495.51953125,5508500,4735.2900390625,0.026056111969166684,15927.900390625,0.02025015947888842,32.558998107910156,0.0016919913777331264
2024-04-30,20508.48046875,20559.970703125,20396.599609375,20396.599609375,4326200,4765.7900390625,0.0064409993365557305,15983.080078125,0.003464341573386376,32.433998107910156,-0.004573000471349231
2024-05-02,20360.669921875,20360.669921875,20222.439453125,20222.439453125,4720400,4507.68017578125,-0.035439547178233055,15605.48046875,-0.003342728598578648,32.47600173950195,-0.004637175669828242
2024-05-03,20381.98046875,20521.490234375,20272.33984375,20330.3203125,4752500,4605.35009765625,0.021667447127184936,15840.9599609375,0.015089538105478306,32.34600067138672,-0.005686808541376265
2024-05-06,20479.80078125,20639.900390625,20479.80078125,20523.310546875,4590100,4716.18994140625,0.02406762600011847,16156.330078125,0.019908523092361685,32.27690124511719,-0.008664175164666221
2024-05-07,20634.619140625,20689.189453125,20493.80078125,20653.529296875,4547600,4820.4501953125,0.022106881868960926,16349.25,0.011940825728499194,32.26300048828125,-0.005272172091149052
2024-05-08,20604.1796875,20700.509765625,20547.48046875,20700.509765625,4479700,4784.8798828125,-0.007379043669943797,16332.5595703125,-0.0010208682164319915,32.363800048828125,-0.007665466754125827
2024-05-09,20710.05078125,20754.609375,20560.76953125,20560.76953125,4326400,4790.3798828125,0.0011494541419432291,16302.759765625,-0.001824564273542717,32.33300018310547,-0.004403299320634879
2024-05-10,20582.119140625,20765.8203125,20574.009765625,20708.83984375,5206400,4759.77001953125,-0.0063898613533920345,16346.259765625,0.0026682598912928235,32.33879852294922,-0.00022265962678569284
2024-05-13,20905.16015625,20933.279296875,20816.419921875,20857.7109375,4809000,4808.02978515625,0.010139096096443811,16340.8701171875,-0.00032971753262078796,32.42399978637695,0.004557393541054999
2024-05-14,20835.94921875,20994.529296875,20816.76953125,20985.849609375,5002300,4823.08984375,0.003132272316665796,16388.240234375,0.0028988736124690995,32.371498107910156,0.003362911632112997
2024-05-15,20984.69921875,21308.3203125,20984.69921875,21147.2109375,5100000,4903.93017578125,0.016761108469917296,16511.1796875,0.007501687268846036,32.31370162963867,-0.0015479770334098086
2024-05-16,21319.01953125,21515.51953125,21249.880859375,21304.259765625,5601100,5045.080078125,0.02878301633266278,16742.390625,0.0140032960621852,32.03129959106445,-0.009331042289068447
2024-05-17,21346.75,21346.75,21218.33984375,21258.470703125,5081300,5017.5400390625,-0.00545879126515969,16698.3203125,-0.0026322592446381687,32.12379837036133,-0.006648365505456777
2024-05-20,21278.380859375,21338.349609375,21102.1796875,21271.630859375,5277600,4983.02001953125,-0.00687986927109796,16685.970703125,-0.0007395719535787659,32.16400146484375,-0.008018699828712728
2024-05-21,21239.259765625,21307.080078125,21131.619140625,21236.75,4601200,5090.35009765625,0.02153916253683774,16794.869140625,0.0065263471593897115,32.2057991027832,-0.005118669657319996
2024-05-22,21248.990234375,21567.48046875,21248.990234375,21551.830078125,5382400,5074.39990234375,-0.0031334181355903157,16832.619140625,0.002247710278890258,32.234798431396484,-0.0024417876709554864
2024-05-23,21668.83984375,21668.83984375,21475.990234375,21607.4296875,5498400,5126.81005859375,0.010328345668182859,16801.5390625,-0.0018464196133320954,32.223899841308594,0.006012876552091928
2024-05-24,21442.669921875,21608.720703125,21381.25,21565.33984375,4233200,5125.97998046875,-0.00016190927994463866,16736.029296875,-0.003899033617177028,32.22079849243164,0.0030195719993002523
2024-05-27,21699.98046875,21871.33984375,21699.98046875,21803.76953125,4877400,5125.97998046875,-0.00016190927994463866,16736.029296875,-0.003899033617177028,32.18899917602539,0.0007771953128705711
2024-05-28,21812.19921875,21937.400390625,21812.19921875,21858.41015625,4906000,5220.919921875,0.018521325047697212,16920.7890625,0.011039641622729413,32.06999969482422,-0.004216613521235368
2024-05-29,21846.41015625,21906.099609375,21662.5,21662.5,5223800,5317.8701171875,0.01856956183263625,17019.880859375,0.005856216072961384,32.17380142211914,-0.001892272086241209
2024-05-30,21481.390625,21558.359375,21364.240234375,21364.48046875,4495700,5219.31982421875,-0.018531910482400216,16920.580078125,-0.005834399316332561,32.37699890136719,0.004751102778141503
2024-05-31,21400.830078125,21539.029296875,21174.220703125,21174.220703125,7171300,5173.259765625,-0.008824915917208465,16737.080078125,-0.010844781866387043,32.35639953613281,0.004208494203923108
2024-06-03,21388.7109375,21612.5390625,21372.080078125,21536.759765625,4756500,5123.35986328125,-0.009645736847649133,16735.01953125,-0.00012311268544940024,32.46500015258789,0.008574388257714727
2024-06-04,21513.849609375,21529.98046875,21308.970703125,21356.619140625,4858900,5152.509765625,0.0056896066490790265,16828.669921875,0.005596072980382338,32.314300537109375,0.007617737593074603
2024-06-05,21385.0,21510.859375,21264.630859375,21484.880859375,4124900,5116.27001953125,-0.007033416284918825,16857.05078125,0.0016864588530618452,32.328800201416016,0.0048175463403685725
2024-06-06,21856.130859375,21970.630859375,21847.6796875,21902.69921875,4777500,5347.43994140625,0.04518329192800885,17187.900390625,0.01962677894658782,32.25199890136719,-0.003860765489130058
2024-06-07,21823.619140625,21920.849609375,21823.619140625,21858.380859375,4981400,5301.68017578125,-0.008557322031926606,17173.119140625,-0.0008599799663757679,32.208900451660156,-0.004558575323188929
2024-06-11,21984.419921875,22003.7109375,21792.119140625,21792.119140625,5291900,5362.39990234375,0.014215292787360001,17192.529296875,0.0034668758435063562,32.33399963378906,0.0006096092551055587
2024-06-12,21841.810546875,22094.939453125,21841.810546875,22048.9609375,4372000,5365.3798828125,0.000555717686673729,17343.55078125,0.008784134188007497,32.315799713134766,-0.00040213333622818315
2024-06-13,22217.640625,22440.099609375,22211.080078125,22312.0390625,4207100,5520.8701171875,0.028980284298805836,17608.439453125,0.015273035793879508,32.20100021362305,-0.0015812566501723913
2024-06-14,22311.9296875,22504.720703125,22252.01953125,22504.720703125,4357100,5602.419921875,0.014771186960841565,17667.560546875,0.0033575430637895476,32.29899978637695,0.002797342767165256
2024-06-17,22468.109375,22567.33984375,22431.259765625,22496.529296875,4253400,5598.31005859375,-0.0007335871531519711,17688.880859375,0.0012067490836344952,32.3489990234375,-0.0017281209063075842
2024-06-18,22690.33984375,22787.669921875,22642.939453125,22757.4296875,4284500,5688.10009765625,0.016038775652425175,17857.01953125,0.00950533124235986,32.30099868774414,-0.0010206267835308758
2024-06-19,22858.44921875,23275.30078125,22858.44921875,23209.5390625,5033100,5688.10009765625,0.016038775652425175,17857.01953125,0.00950533124235986,32.34749984741211,0.0009809484697498316
2024-06-20,23196.689453125,23406.099609375,23180.69921875,23406.099609375,4446000,5765.1201171875,0.013540552769629732,17862.23046875,0.0002918145153441021,32.38079833984375,0.00558361929840423
2024-06-21,23193.900390625,23351.169921875,23151.150390625,23253.390625,6457400,5610.009765625,-0.02690496440829926,17721.58984375,-0.007873631753103294,32.340999603271484,0.00130034419555769
2024-06-24,23124.310546875,23131.6796875,22813.69921875,22813.69921875,5094100,5538.5400390625,-0.012739679527908554,17689.359375,-0.001818712036232295,32.362998962402344,0.0004327781194930491
2024-06-25,22695.150390625,22875.970703125,22503.0,22875.970703125,4386700,5371.52001953125,-0.03015596499317197,17496.8203125,-0.01088445649264791,32.32149887084961,0.0006346609683385296
2024-06-26,22938.5703125,23074.740234375,22893.75,22986.689453125,4289300,5467.66015625,0.0178981249942618,17717.650390625,0.012621154825899206,32.4734992980957,0.0038951835931047007
2024-06-27,22859.9296875,22922.560546875,22765.16015625,22905.98046875,4535700,5452.31982421875,-0.002805648411361994,17805.16015625,0.004939129269155407,32.582298278808594,0.006222821835646375
2024-06-28,22896.720703125,23142.400390625,22896.720703125,23032.25,4348300,5421.08984375,-0.005727833559951656,17858.6796875,0.0030058438553957068,32.52199935913086,0.0055966036325316715
2024-07-01,23042.69921875,23187.880859375,23015.169921875,23058.5703125,4294900,5472.259765625,0.009439047008968915,17732.599609375,-0.007059876784354269,32.50400161743164,0.0043569094197082325
2024-07-02,23012.740234375,23041.900390625,22833.779296875,22879.369140625,5034500,5477.14990234375,0.000893622914151182,17879.30078125,0.008272964771473212,32.52170181274414,0.00619411069686171
2024-07-03,23009.8203125,23172.4296875,22994.279296875,23172.4296875,5720700,5544.990234375,0.012386064511803907,18028.759765625,0.008359330501992446,32.57279968261719,0.0030578898692112944
2024-07-04,23360.880859375,23571.8203125,23360.880859375,23522.529296875,5361000,5544.990234375,0.012386064511803907,18028.759765625,0.008359330501992446,32.621498107910156,0.0012031020269389625
2024-07-05,23532.009765625,23628.859375,23491.7890625,23556.58984375,5319900,5651.72021484375,0.019248001521643854,18188.30078125,0.008849250735993186,32.50659942626953,-0.0004735235583541719
2024-07-08,23550.640625,24011.640625,23505.859375,23878.150390625,5644800,5656.31005859375,0.0008121144670156788,18352.759765625,0.00904202027187373,32.393001556396484,-0.003414966019926191
2024-07-09,23888.19921875,24126.66015625,23607.919921875,23900.080078125,6353500,5765.2099609375,0.019252816980620757,18403.740234375,0.0027778094085602056,32.47100067138672,-0.0015589941033636867
2024-07-10,23744.880859375,24040.609375,23682.490234375,24007.080078125,5510500,5765.2001953125,-1.6938888723894152e-06,18429.2890625,0.0013882410748919938,32.50749969482422,-0.002004739796064192
2024-07-11,24242.029296875,24416.669921875,24151.80078125,24390.029296875,5761800,5904.5400390625,0.024169124927056806,18647.44921875,0.011837687037744349,32.58689880371094,-0.001060628916696782
2024-07-12,23955.669921875,24045.73046875,23774.220703125,23916.9296875,6056600,5699.66015625,-0.03469870327867741,18283.41015625,-0.019522190849242782,32.38679885864258,-0.0036854229523048954
2024-07-15,23927.91015625,24018.310546875,23759.509765625,23879.359375,5209800,5775.18994140625,0.013251629585919744,18398.44921875,0.006291991565953836,32.54800033569336,0.004784946496144249
2024-07-16,23880.330078125,24174.1796875,23861.76953125,23997.25,4762100,5777.7099609375,0.00043635266663399896,18472.5703125,0.004028659854356853,32.57400131225586,0.0031720808949353696
2024-07-17,23827.26953125,23993.6796875,23650.939453125,23769.8203125,6025100,5804.02978515625,0.004555407660941091,18509.33984375,0.0019904935062078355,32.56330108642578,0.001716569780063626
2024-07-18,23373.009765625,23450.91015625,23148.740234375,23398.470703125,5618700,5408.7099609375,-0.06811126731805828,17996.919921875,-0.02768439750961882,32.49079895019531,-0.002949033416603686
2024-07-19,23228.0390625,23235.8203125,22865.83984375,22869.259765625,5435600,5436.419921875,0.0051232107355774215,17871.220703125,-0.006984485083873393,32.638999938964844,0.0077871567802374475
2024-07-22,22818.859375,22818.859375,22130.880859375,22256.990234375,5194300,5267.16015625,-0.031134417145359694,17726.939453125,-0.008073385271033628,32.78099822998047,0.0071585932126096985
2024-07-23,22514.75,22871.83984375,22514.75,22871.83984375,3915800,5477.830078125,0.039996870348629754,18007.5703125,0.015830756353462316,32.80849838256836,0.007198902832495246
2024-07-26,22206.9296875,22206.9296875,21889.609375,22119.2109375,4132300,5005.35986328125,-0.019642952607553776,17181.720703125,-0.00926569327315152,32.643001556396484,0.0001226023297014045
2024-07-29,22321.369140625,22471.400390625,22128.140625,22164.490234375,3920300,5103.1298828125,0.01953306499468299,17357.880859375,0.010252765674276132,32.79800033569336,0.0005186573512376835
2024-07-30,22040.0390625,22276.390625,21833.849609375,22223.5703125,3659100,5087.6201171875,-0.0030392653099498013,17370.19921875,0.000709669542889424,32.849300384521484,0.0012436412504268635
2024-07-31,22088.779296875,22315.310546875,22046.2890625,22199.349609375,3673200,4890.14990234375,-0.03881386783903862,17147.419921875,-0.012825373737482826,32.76150131225586,0.0003114532930128533
2024-08-01,22546.400390625,22652.2109375,22465.060546875,22642.099609375,4149100,5233.18017578125,0.07014718981786072,17599.400390625,0.026358511706674248,32.57229995727539,-0.004355882452740989
2024-08-02,22141.19921875,22141.19921875,21636.220703125,21638.08984375,4570100,4859.58984375,-0.07138877689711454,17194.150390625,-0.023026352660052707,32.71649932861328,0.002251562929647122
2024-08-05,20982.919921875,20982.919921875,19783.5,19830.880859375,6413800,4607.759765625,-0.05182126192169956,16776.16015625,-0.024310025495816623,32.58890151977539,-0.0063753525756998775
2024-08-06,20344.390625,20751.5,19662.740234375,20501.01953125,6051700,4519.4501953125,-0.01916540245246956,16200.080078125,-0.03433920949487235,32.67900085449219,-0.0051842665760255535
2024-08-07,20638.279296875,21306.23046875,20638.279296875,21295.279296875,3982300,4567.56982421875,0.010647230708761724,16366.849609375,0.010294364623245844,32.77799987792969,0.0005035961422090729
2024-08-08,21047.16015625,21074.189453125,20723.259765625,20870.099609375,3746500,4426.27001953125,-0.030935444913897547,16195.8095703125,-0.010450394739652702,32.650001525878906,0.00238551065492576
2024-08-09,21212.0,21613.759765625,21212.0,21469.0,4426600,4730.009765625,0.06862205530920518,16660.01953125,0.028662349907374374,32.41019821166992,-0.009362282738956562
2024-08-12,21598.9296875,21897.98046875,21598.9296875,21773.259765625,3821500,4709.4501953125,-0.004346623227274304,16745.30078125,0.0051189165678968696,32.435001373291016,-0.004722471126895389
2024-08-13,21816.0703125,21866.630859375,21698.470703125,21796.5703125,3389300,4743.81982421875,0.007298013033550932,16780.609375,0.0021085673056129295,32.23899841308594,-0.013464378649929443
2024-08-14,21952.029296875,22155.2890625,21942.220703125,22027.25,3955900,4942.31005859375,0.04184185777074467,17187.609375,0.024254184750069685,32.30500030517578,-0.014430397660486594
2024-08-15,22005.689453125,22089.0390625,21895.169921875,21895.169921875,3151800,4933.35009765625,-0.001812909516253458,17192.599609375,0.00029033906147879485,31.9950008392334,-0.020061275835663972
2024-08-16,22114.720703125,22374.939453125,22114.720703125,22349.330078125,3855200,5173.3798828125,0.0486545208438145,17594.5,0.02337635958240125,32.442501068115234,0.000996688024995862
2024-08-19,22338.830078125,22485.91015625,22307.169921875,22409.630859375,3122100,5170.25,-0.0006049976772242172,17631.720703125,0.0021154737631077225,32.135501861572266,-0.009233836874919188
2024-08-20,22464.0703125,22545.890625,22369.25,22429.099609375,3871600,5266.56982421875,0.018629626075866712,17876.76953125,0.013898180004721095,31.910499572753906,-0.010189486538102033
2024-08-21,22316.779296875,22358.880859375,22165.8203125,22237.890625,4134900,5196.2998046875,-0.013342654113899233,17816.939453125,-0.003346805921529139,31.895000457763672,-0.012691528975049104
2024-08-22,22254.58984375,22315.919921875,22096.259765625,22148.830078125,3019700,5267.93017578125,0.013784880354503981,17918.990234375,0.005727739128175591,31.69499969482422,-0.009376500595096315
2024-08-23,22042.58984375,22159.26953125,21935.98046875,22158.05078125,4275900,5086.89990234375,-0.03436459242944556,17619.349609375,-0.016721959277882892,32.03499984741211,-0.012560721500711303
2024-08-26,22250.490234375,22449.44921875,22164.529296875,22240.119140625,4880500,5228.64990234375,0.027865694769163785,17877.7890625,0.014667933769104025,31.754499435424805,-0.011856121861381741
2024-08-27,22179.2109375,22205.109375,22059.509765625,22185.0,3660500,5097.35009765625,-0.025111607611870257,17725.76953125,-0.008503262384321975,31.80900001525879,-0.003180757395029321
2024-08-28,22210.5703125,22370.66015625,22108.859375,22370.66015625,3293800,5153.6298828125,0.011040988764363435,17754.8203125,0.001638900990943437,31.69499969482422,-0.006270599155635659
2024-08-29,22136.310546875,22273.619140625,22010.890625,22201.849609375,3416000,5059.56005859375,-0.018253119909226623,17556.029296875,-0.011196453251911764,31.982999801635742,0.00908661017777379
2024-08-30,22230.0703125,22342.25,22230.0703125,22268.08984375,4245800,5029.25,-0.0059906510136722435,17516.4296875,-0.002255613083423591,31.857999801635742,-0.005525208260322989
2024-09-02,22341.900390625,22439.310546875,22178.0390625,22235.099609375,2928000,5029.25,-0.0059906510136722435,17516.4296875,-0.002255613083423591,31.996000289916992,0.007605248351758798
2024-09-03,22240.109375,22303.5,22092.2109375,22092.2109375,2936800,5158.81982421875,0.02576324983223155,17713.619140625,0.01125739986075569,31.930999755859375,0.0038353843422320733
2024-09-04,21574.650390625,21574.650390625,20922.169921875,21092.75,4571100,4759.0,-0.07750218806668607,17136.30078125,-0.03259177894657106,31.981000900268555,0.009023543404262702
2024-09-05,21271.08984375,21488.810546875,21150.990234375,21187.7109375,3353700,4770.85009765625,0.002490039431865876,17084.30078125,-0.0030344938889551587,31.954999923706055,-0.0008754612795344174
2024-09-06,21255.44921875,21461.7109375,21125.140625,21435.189453125,2587200,4742.419921875,-0.005959142542587226,17127.66015625,0.0025379660282958127,32.00699996948242,0.004677009503874396
2024-09-09,21127.810546875,21163.91015625,20922.509765625,21144.439453125,2944600,4528.22021484375,-0.04516675253560476,16690.830078125,-0.02550436394346589,32.025901794433594,0.0009345388250301401
2024-09-10,21252.5703125,21324.4296875,20977.0,21064.080078125,3118200,4625.77978515625,0.02154479369017759,16884.599609375,0.01160934059858132,32.108001708984375,0.0055432637398871165
2024-09-11,21089.1796875,21134.05078125,21031.0,21031.0,2863800,4680.669921875,0.011866137012161326,17025.880859375,0.008367462259605718,32.15800094604492,0.0055345374063913155
2024-09-12,21373.640625,21706.849609375,21373.640625,21653.25,3050300,4910.169921875,0.04903144289825634,17395.529296875,0.02171097287436141,32.106998443603516,0.004756642787055565
2024-09-13,21754.359375,21796.390625,21643.220703125,21759.650390625,2514700,4898.43994140625,-0.002388915384881618,17569.6796875,0.010011215390628214,31.92300033569336,-0.0026244144677461945
2024-09-16,21800.0,21854.740234375,21736.69921875,21850.080078125,2823700,4980.490234375,0.016750290694631742,17683.98046875,0.0065055700094134306,31.937999725341797,-0.0027447179990751636
2024-09-18,21813.5390625,21859.16015625,21584.630859375,21678.83984375,3989100,4912.10009765625,0.00033808706955174017,17628.060546875,0.0020423726828324718,31.93950080871582,-0.006794580847724441
2024-09-19,21675.400390625,22042.689453125,21656.66015625,22042.689453125,3393700,4859.2900390625,-0.010751014340881992,17573.30078125,-0.003106397636846503,31.77899932861328,-0.010215813713211785
2024-09-20,22246.240234375,22354.5390625,22136.529296875,22159.419921875,5085000,5066.64990234375,0.042672872294993835,18013.98046875,0.025076659927780076,31.76799964904785,-0.004855454844957086
2024-09-23,22170.939453125,22307.4609375,22170.939453125,22285.529296875,3582300,5000.06005859375,-0.013142775805211393,17948.3203125,-0.003644955448014686,31.98900032043457,0.0015968625315099239
2024-09-24,22273.7890625,22431.779296875,22154.55078125,22431.779296875,3517800,5025.81005859375,0.005149938140391441,17974.26953125,0.001445774217207818,31.933000564575195,0.002196895863963322
2024-09-25,22569.2890625,22785.3203125,22569.2890625,22761.599609375,4014100,5091.77978515625,0.013126187777370735,18074.51953125,0.005577417197717205,31.700000762939453,-0.007498553193136082
2024-09-26,22841.419921875,22961.76953125,22769.240234375,22858.810546875,3923400,5132.52001953125,0.008001177602724896,18082.2109375,0.00042553862838246026,31.863000869750977,0.0026433035310227115
2024-09-27,22978.970703125,23079.2109375,22806.830078125,22822.7890625,4104100,5310.5,0.034676918899773757,18190.2890625,0.005977041489758417,31.459999084472656,-0.009695308737653785
2024-09-30,22643.91015625,22691.23046875,22224.5390625,22224.5390625,3569300,5217.22998046875,-0.017563321632850015,18119.58984375,-0.0038866462488355014,31.575000762939453,-0.012941934832225832
2024-10-01,22329.650390625,22446.859375,22311.330078125,22390.390625,2789600,5173.06005859375,-0.008466163469955323,18189.169921875,0.0038400470830193267,31.579999923706055,-0.011054415013562524
2024-10-04,22459.099609375,22493.05078125,22193.5,22302.7109375,3632200,5125.2099609375,0.005100753967045568,17918.48046875,-0.0003703558019848563,32.018001556396484,0.017736887735614548
2024-10-07,22479.240234375,22719.0703125,22479.240234375,22702.560546875,3508600,5206.83984375,0.015927129509747617,18137.849609375,0.012242619624335926,32.34000015258789,0.024228008587931393
2024-10-08,22691.3203125,22691.3203125,22418.380859375,22611.390625,3557200,5196.7998046875,-0.001928240422941263,17923.900390625,-0.011795732314343055,32.12179946899414,0.01715641376178012
2024-10-09,22637.169921875,22885.94921875,22637.169921875,22659.080078125,3670800,5266.10009765625,0.013335186186360648,18182.919921875,0.01445106955545672,32.16999816894531,0.012845508779947279
2024-10-11,22726.189453125,23011.109375,22726.189453125,22901.640625,3012500,5293.93994140625,-0.005253755510355673,18282.05078125,-0.0005231007327147763,32.195499420166016,0.005543689647740324
2024-10-14,22947.3203125,23015.55078125,22799.140625,22975.2890625,2706500,5335.93994140625,0.007933599637483413,18342.939453125,0.003330516505153147,32.130001068115234,-0.006493478153427046
2024-10-15,23083.69921875,23353.91015625,23082.060546875,23292.0390625,3579700,5432.2099609375,0.018041810925232937,18502.689453125,0.00870907306913593,32.152000427246094,0.000940201319701961
2024-10-16,22990.640625,23258.51953125,22866.73046875,23010.98046875,3698000,5145.2099609375,-0.05283300941307301,18315.58984375,-0.010112022354858197,32.17100143432617,3.118636735965907e-05
2024-10-17,23114.2109375,23191.7890625,22950.69921875,23053.83984375,3263300,5155.85986328125,0.0020698673960060088,18367.080078125,0.002811279069593775,32.1349983215332,-0.0028702999415499697
2024-10-18,23620.5703125,23713.69921875,23378.359375,23487.26953125,3775600,5204.81005859375,0.009494089562269048,18373.609375,0.000355489105901885,32.06800079345703,-0.003960138187175444
2024-10-21,23602.98046875,23678.509765625,23480.060546875,23542.529296875,3005000,5208.6201171875,0.0007320264430128454,18489.55078125,0.006310213953266919,32.04199981689453,-0.002738912178500752
2024-10-22,23428.109375,23535.4296875,23269.859375,23535.4296875,3046700,5215.2099609375,0.001265180336007754,18540.009765625,0.0027290541004474367,32.05099868774414,-0.0031413827494342073
2024-10-23,23402.240234375,23486.44921875,23318.83984375,23334.759765625,3039000,5190.7099609375,-0.0046977974393184185,18579.76953125,0.00214453854812513,32.013999938964844,-0.0048802178471761826
2024-10-24,23446.640625,23446.640625,23150.76953125,23192.51953125,3322300,5131.3701171875,-0.011431932085699259,18276.650390625,-0.016314472583482398,32.00400161743164,-0.004076449694841999
2024-10-25,23255.0703125,23388.529296875,23222.76953125,23348.44921875,2744200,5157.60986328125,0.005113594516571673,18415.490234375,0.007596569436006506,31.983800888061523,-0.0026256674352049814
2024-10-28,23455.689453125,23547.119140625,23164.419921875,23198.0703125,2880000,5212.830078125,0.010706551349856985,18518.609375,0.005599587049413213,32.06380081176758,0.0006803880843153642
2024-10-29,23048.44921875,23056.5703125,22711.099609375,22926.58984375,2933400,5211.669921875,-0.00022255784911706655,18567.189453125,0.002623311348128654,32.01380157470703,-0.0011605601872035631
2024-10-30,22985.130859375,23116.330078125,22801.44921875,22820.4296875,2981400,5332.169921875,0.02312118798894458,18712.75,0.00783966508460976,32.00299835205078,-0.0003436492451751594
2024-11-01,22438.9296875,22828.98046875,22231.939453125,22780.080078125,3569900,4946.75,-0.04011654722773972,18095.150390625,-0.027557031087636963,31.86280059814453,-0.0037831741868477042
2024-11-04,22839.1796875,23020.990234375,22792.76953125,22965.390625,2715900,5001.43017578125,0.011053757675494102,18239.919921875,0.008000460240717544,31.922800064086914,-0.004397505726423945
2024-11-05,22870.109375,23178.80078125,22849.830078125,23106.7890625,2872200,4974.0,-0.005484466406044608,18179.98046875,-0.0032861686554399583,31.91200065612793,-0.003179907214128863
2024-11-06,23112.94921875,23439.390625,23035.30078125,23217.380859375,3163400,5057.830078125,0.01685365462907118,18439.169921875,0.014256860922954528,31.82229995727539,-0.0056462957872761566
2024-11-07,23180.009765625,23518.630859375,23132.939453125,23408.8203125,3751300,5215.56982421875,0.031187237146611757,18983.470703125,0.029518724734147517,32.334598541259766,0.014721220511604294
2024-11-08,23608.109375,23699.69921875,23509.130859375,23553.890625,3635500,5333.990234375,0.022705172042057464,19269.4609375,0.0150652237858655,32.034000396728516,0.005373030473471818
2024-11-11,23477.75,23563.80078125,23306.66015625,23529.640625,3158800,5290.52001953125,-0.00814966149799179,19286.779296875,0.0008987464377530063,32.23500061035156,0.009779860965763776
2024-11-12,23276.759765625,23276.759765625,22981.76953125,22981.76953125,3983600,5156.39013671875,-0.025352873123497655,19298.759765625,0.0006211751877069904,32.37480163574219,0.014502411948446259
2024-11-13,22894.91015625,23046.470703125,22860.23046875,22860.23046875,3491500,5108.64013671875,-0.009260354382414016,19281.400390625,-0.000899507284966572,32.414798736572266,0.018618980403439123
2024-11-14,22821.0390625,22893.8203125,22619.7109375,22715.380859375,3593400,5006.2900390625,-0.02003470491503223,19230.720703125,-0.0026284235830008607,32.40800094604492,0.00227008863869127
2024-11-15,22767.109375,22940.80078125,22690.76953125,22742.76953125,3823100,5004.58984375,-0.00033961182816699687,19107.650390625,-0.006399672399173273,32.537200927734375,0.01570832630248864
2024-11-18,22693.9609375,22781.76953125,22503.689453125,22546.5390625,3431100,4833.58984375,-0.03416863426151773,18680.119140625,-0.022374872957156677,32.46179962158203,0.007035799811886401
2024-11-19,22614.740234375,22906.689453125,22578.75,22848.80078125,3689400,4888.77001953125,0.011415982233701438,18791.810546875,0.005979159201779272,32.442298889160156,0.0020848700225997163
2024-11-20,22872.91015625,22977.560546875,22622.470703125,22688.359375,3757700,4919.16015625,0.006216315473490885,18987.470703125,0.010411990678702132,32.32550048828125,-0.0027548604887761563
2024-11-21,22671.66015625,22708.5703125,22490.279296875,22555.66015625,3395800,4884.25,-0.007096771631971643,18966.140625,-0.0011233764864474471,32.471500396728516,0.0019593757353102426
2024-11-22,22799.529296875,23019.0390625,22799.529296875,22904.3203125,3505100,4963.0498046875,0.016133450312228126,18972.419921875,0.00033107931651232825,32.50529861450195,-0.000980487329050761
2024-11-25,22996.05078125,23172.4296875,22948.369140625,22948.369140625,5048900,4955.7998046875,-0.0014607953345848745,19003.650390625,0.0016460983300286003,32.56850051879883,0.0032869680196614404
2024-11-26,22789.599609375,22832.109375,22645.130859375,22678.759765625,2985600,4987.919921875,0.0064813185466288115,19054.83984375,0.0026936642209673956,32.332000732421875,-0.0033998255522864618
2024-11-27,22665.580078125,22743.990234375,22334.779296875,22334.779296875,3577000,4927.56005859375,-0.012101209367162413,19174.30078125,0.006269322569991687,32.404998779296875,0.002459305805472267
2024-11-28,22380.44921875,22413.25,22124.310546875,22298.900390625,3123400,4927.56005859375,-0.012101209367162413,19174.30078125,0.006269322569991687,32.414798736572266,-0.0017461977261131745
2024-11-29,22202.279296875,22429.859375,22055.380859375,22262.5,2801000,4853.009765625,-0.015129251005014721,19060.48046875,-0.005936086733931978,32.494300842285156,-0.000338337830617208
2024-12-02,22456.5,22802.529296875,22456.5,22736.9296875,2812700,4926.56005859375,0.015155603743005841,19218.169921875,0.008273110081539414,32.43899917602539,-0.003976275871180768
2024-12-03,22972.30078125,23144.779296875,22972.30078125,23027.4609375,3099500,5055.31982421875,0.026135835977558974,19403.94921875,0.009666856814682268,32.59149932861328,0.008026060568877336
2024-12-04,23126.080078125,23255.330078125,23034.69921875,23255.330078125,2836900,5035.85986328125,-0.0038494025332032056,19480.91015625,0.003966251232281781,32.4640007019043,0.0018207660802356251
2024-12-05,23308.2890625,23387.169921875,23225.310546875,23267.939453125,2847600,5121.77978515625,0.017061618910701126,19735.119140625,0.01304913283496889,32.3129997253418,-0.0031405103594123185
2024-12-06,23278.6796875,23361.119140625,23137.619140625,23193.26953125,2954100,5026.3701171875,-0.0186282253378528,19700.259765625,-0.0017663625312623887,32.32279968261719,-0.005277884281935097
2024-12-09,23287.7890625,23325.990234375,23172.220703125,23273.25,3209600,5061.2998046875,0.006949286798550558,19859.76953125,0.008096835652052103,32.38800048828125,-0.0015721412201222806
2024-12-10,23228.259765625,23329.009765625,23071.4296875,23125.080078125,2908900,5018.83984375,-0.008389141638710296,19736.689453125,-0.006197457524939054,32.37080001831055,-0.006771683256344474
2024-12-11,23108.359375,23108.359375,22880.5703125,22903.630859375,2760300,4894.7001953125,-0.024734729997828442,19687.240234375,-0.0025054464613958327,32.523799896240234,0.0018420155570175734
2024-12-12,23050.640625,23189.2890625,23030.48046875,23046.80078125,3059200,5027.7998046875,0.027192596903578448,20034.890625,0.017658665535963847,32.485801696777344,0.005347753935083466
2024-12-13,23002.369140625,23097.51953125,22920.83984375,23020.48046875,3046000,4982.18994140625,-0.00907153527448068,19902.83984375,-0.006591040785879021,32.465999603271484,0.00443030684409762
2024-12-16,23207.2109375,23264.400390625,22959.91015625,23039.900390625,3188400,5149.77978515625,0.033637786941277614,19926.720703125,0.0011998719560866178,32.49829864501953,0.003405525351223515
2024-12-17,23131.5703125,23223.509765625,23018.009765625,23018.009765625,3429100,5256.06005859375,0.02063782877548337,20173.890625,0.01240394370741793,32.41699981689453,0.001427205955918609
2024-12-18,23014.4296875,23211.169921875,22934.58984375,23168.669921875,3298300,5169.7900390625,-0.016413438691629256,20109.060546875,-0.00321356347816526,32.4297981262207,-0.0028902456145782907
2024-12-19,22947.560546875,22947.560546875,22743.30078125,22932.25,3445900,4970.97998046875,-0.03845611854476838,19392.689453125,-0.03562429443583959,32.678001403808594,0.005916421851775322
2024-12-20,22798.390625,22845.58984375,22510.25,22510.25,4683900,4893.47021484375,-0.015592451776015981,19372.76953125,-0.0010271871739683247,32.630001068115234,0.005051483608939034
2024-12-23,22811.560546875,23132.25,22811.560546875,23104.5390625,3504100,4964.91015625,0.014599034686988643,19572.599609375,0.010314997956417882,32.61600112915039,0.0036218044955684814
2024-12-24,23260.740234375,23326.25,23120.240234375,23120.240234375,3344300,5118.75,0.030985423483714136,19764.880859375,0.00982400160619945,32.608001708984375,0.005892028663007309
2024-12-25,23226.349609375,23296.359375,23159.359375,23220.130859375,3073700,5118.75,0.030985423483714136,19764.880859375,0.00982400160619945,32.61399841308594,0.005679970197418616
2024-12-26,23276.080078125,23320.619140625,23241.939453125,23246.939453125,2941300,5173.56005859375,0.010707703754578857,20031.130859375,0.013470862885252899,32.70790100097656,0.0009149763107754172
2024-12-27,23251.279296875,23335.66015625,23204.349609375,23275.6796875,2416800,5175.31005859375,0.00033825837144640936,20020.359375,-0.0005377372076803555,32.721500396728516,0.0028041472760689246
2024-12-30,23274.259765625,23331.669921875,23159.69921875,23190.19921875,2483600,5122.97021484375,-0.010113373528816583,19722.029296875,-0.014901334813076983,32.80849838256836,0.0059019268688313975
2024-12-31,23094.0703125,23123.9609375,22972.990234375,23035.099609375,2572400,5026.509765625,-0.01882900840205104,19486.7890625,-0.011927790534834837,32.7599983215332,0.0046613286488803585
2025-01-02,22975.7109375,23038.080078125,22713.630859375,22832.060546875,3148600,4979.93017578125,-0.009266785904266217,19310.7890625,-0.00903175989823235,32.80099868774414,0.005733742679743692
2025-01-03,23018.560546875,23092.0703125,22905.400390625,22908.30078125,2828200,5021.5,0.008347471300082843,19280.7890625,-0.001553535689448271,32.86980056762695,0.0049498610945886146
2025-01-06,23131.7890625,23553.2890625,23131.7890625,23547.7109375,2957500,5163.64990234375,0.028308254972368774,19621.6796875,0.017680325421069565,32.91230010986328,0.005831019691072692
2025-01-07,23824.720703125,23943.94921875,23651.26953125,23651.26953125,3207900,5310.14013671875,0.028369513260089407,19864.98046875,0.01239958989876877,32.735801696777344,-0.0022157882675191143
2025-01-08,23522.2890625,23671.279296875,23388.630859375,23407.330078125,2606700,5212.25,-0.018434567487561337,19489.6796875,-0.018892582443783112,32.7244987487793,-0.0010836255974583375
2025-01-09,23406.720703125,23463.9609375,23081.130859375,23081.130859375,3399500,5212.25,-0.018434567487561337,19489.6796875,-0.018892582443783112,32.9202995300293,0.003637110059387716
2025-01-10,23067.4609375,23202.25,22989.669921875,23011.859375,2979400,5162.35009765625,-0.009573581916398899,19478.880859375,-0.000554079302387156,32.83100128173828,-0.0011803931030505144
2025-01-13,23070.3203125,23070.3203125,22458.220703125,22488.330078125,3544500,5037.47021484375,-0.024190510223085493,19161.630859375,-0.01628686998448936,33.09629821777344,0.0055905575513093275
2025-01-14,22573.9609375,22797.51953125,22542.9296875,22797.51953125,2319000,5020.0400390625,-0.003460104980847145,19088.099609375,-0.003837421278994335,33.054500579833984,0.009735484287467955
2025-01-15,22757.4609375,22777.33984375,22509.650390625,22514.5703125,2359800,5045.9501953125,0.005161344540757673,19044.390625,-0.002289855211858427,32.95240020751953,0.006964245976379901
2025-01-16,22817.51953125,23147.689453125,22817.51953125,23025.099609375,2497000,5153.669921875,0.021347758577277887,19511.23046875,0.024513246600664118,32.79600143432617,-0.0037757279695994628
2025-01-17,23190.119140625,23209.880859375,22905.529296875,23148.080078125,2465000,5162.9599609375,0.0018026065315257522,19338.2890625,-0.008863685277409328,32.84299850463867,0.00036542360671365515
2025-01-20,23203.470703125,23346.640625,23176.4296875,23266.8203125,2168200,5162.9599609375,0.0018026065315257522,19338.2890625,-0.008863685277409328,32.90999984741211,-0.0056289790820558405
2025-01-21,23266.8203125,23377.640625,23174.01953125,23300.009765625,0,5309.740234375,0.028429481256493583,19630.19921875,0.01509493188909139,32.316001892089844,-0.022341849817409942
2025-01-22,23472.669921875,23642.080078125,23472.669921875,23525.41015625,2695000,5378.5,0.01294974190636533,19756.779296875,0.006448231967207674,32.58399963378906,-0.011179779664317158
2025-02-03,22796.7109375,22796.7109375,22502.19921875,22694.7109375,3428900,5015.85009765625,-0.0029181195871885723,19627.439453125,-0.0027594368831531657,32.827999114990234,0.0028930740797110666
2025-02-04,22836.26953125,22934.310546875,22720.619140625,22793.9609375,2990000,4924.81005859375,-0.01815047046661944,19391.9609375,-0.011997413936106094,32.98699951171875,0.0024524155452656515
2025-02-05,22916.380859375,23249.330078125,22916.380859375,23161.580078125,2482200,4976.58984375,0.010514067454417741,19654.01953125,0.01351377483662497,32.8916015625,0.0008063478039121996
2025-02-06,23226.5,23348.419921875,23216.650390625,23316.599609375,2400700,5091.5,0.023090140007079984,19692.330078125,0.0019492474205637933,32.821800231933594,0.00332586361848497
2025-02-07,23289.970703125,23478.26953125,23254.169921875,23478.26953125,2672200,5092.58984375,0.00021405160561727143,19791.990234375,0.005060861556485108,32.79600143432617,-0.004326184214031192
2025-02-10,23421.76953125,23448.16015625,23163.849609375,23252.140625,2706000,5009.33984375,-0.016347281551089443,19523.400390625,-0.013570633401157828,32.82789993286133,-3.0212663452156008e-06
2025-02-11,23321.919921875,23485.509765625,23289.759765625,23384.05078125,2956500,5082.669921875,0.014638671044946427,19714.26953125,0.009776429146874044,32.86539840698242,-0.003686334208515385
2025-02-12,23449.310546875,23528.609375,23289.75,23289.75,3159400,5079.97021484375,-0.0005311592278757216,19643.859375,-0.0035715325966498845,32.80329895019531,-0.0026846552952702885
2025-02-13,23263.279296875,23413.099609375,23206.44921875,23399.41015625,3604700,5090.7900390625,0.0021298991453009286,19649.94921875,0.0003100125914030638,32.85580062866211,0.0010359089534472954
2025-02-14,23198.390625,23276.240234375,23142.94921875,23152.609375,3818900,5156.39013671875,0.012886034810488889,19945.640625,0.015047947603236134,32.615299224853516,-0.005509885399734182
2025-02-17,23258.169921875,23510.6796875,23242.83984375,23505.330078125,3408200,5156.39013671875,0.012886034810488889,19945.640625,0.015047947603236134,32.66550064086914,-0.004946989978777849
2025-02-18,23550.5,23666.109375,23454.08984375,23666.109375,3038600,5160.93994140625,0.0008823623827647342,20026.76953125,0.004067500652163103,32.706600189208984,-0.004831775224720891
2025-02-19,23589.439453125,23683.4609375,23550.990234375,23604.080078125,3534600,5247.85986328125,0.016841878196961924,20041.259765625,0.0007235432730370306,32.72129821777344,-0.0024997709086020947
2025-02-20,23530.970703125,23576.7109375,23400.75,23487.4609375,3563200,5309.68994140625,0.011781960596474628,20056.25,0.0007479686681528541,32.74620056152344,-0.0033357904857463927
2025-02-21,23526.130859375,23732.580078125,23488.419921875,23730.25,3518400,5310.6298828125,0.0001770237841800526,19962.359375,-0.0046813649111873135,32.69329833984375,0.0023914885603992797
2025-02-24,23573.80078125,23605.220703125,23461.4296875,23565.310546875,3211200,5136.58984375,-0.03277201441316202,19524.009765625,-0.02195880763092417,32.77299880981445,0.003290877740621978
2025-02-25,23376.419921875,23376.419921875,23209.529296875,23285.720703125,3717900,5003.5400390625,-0.025902361047843825,19286.9296875,-0.012143001410622967,32.69969940185547,-0.00021099066590823945
2025-02-26,23221.83984375,23431.240234375,23156.01953125,23402.55078125,3362900,4888.8798828125,-0.022915806679840944,19026.390625,-0.013508581548304033,32.77830123901367,0.001742077006262388
2025-02-27,23446.4609375,23487.73046875,23053.1796875,23053.1796875,5093000,4990.81982421875,0.020851390062708086,19075.259765625,0.0025684924475790627,32.750301361083984,0.00012522978208862057
2025-03-03,22734.05078125,22775.01953125,22611.099609375,22756.25,3324900,4766.75,0.017069397770310024,18847.279296875,0.016331563687400408,32.904998779296875,0.004027704948467825
2025-03-04,22508.80078125,22700.939453125,22359.5,22596.880859375,3100900,4575.3701171875,-0.040148923860596875,18350.189453125,-0.026374620756663858,32.88890075683594,0.005786027347081113
2025-03-05,22778.859375,22948.30078125,22757.220703125,22871.900390625,3075000,4604.509765625,0.006368806826804185,18285.16015625,-0.0035437943047462728,32.7947998046875,0.0005033380330945469
2025-03-06,22930.109375,22979.970703125,22715.4296875,22715.4296875,2851500,4700.7900390625,0.02090999440511143,18552.73046875,0.014633194908524993,32.80110168457031,0.0015511406422259455
2025-03-07,22696.23046875,22747.109375,22542.080078125,22576.0703125,2987500,4487.85009765625,-0.04529875608924616,18069.259765625,-0.026059274883519334,32.8578987121582,-0.0013312490007226785
2025-03-10,22548.98046875,22641.25,22407.5703125,22459.150390625,3078100,4629.58984375,0.03158299475460935,18196.220703125,0.007026349676013233,32.82699966430664,-0.002370433608382627
2025-03-11,22126.060546875,22140.390625,21769.5703125,22071.08984375,3604700,4405.08984375,-0.048492416731706234,17468.3203125,-0.040002833692822315,32.866600036621094,-0.000678062194286233
2025-03-12,22171.099609375,22391.470703125,22153.609375,22278.359375,3159800,4374.06982421875,-0.00704185853899475,17436.099609375,-0.001844522114810565,32.86880111694336,0.002256495319275631
2025-03-13,22403.33984375,22552.4296875,21961.6796875,21961.6796875,3666300,4481.02001953125,0.024450957485938618,17648.44921875,0.012178733439950351,32.90629959106445,0.00320714552534751
2025-03-14,21986.810546875,22074.029296875,21895.900390625,21968.05078125,3373300,4453.240234375,-0.006199433395782106,17303.009765625,-0.01957336017705169,32.96839904785156,0.003362976332155654
2025-03-17,22137.529296875,22306.830078125,22110.080078125,22118.630859375,2961500,4598.7900390625,0.032684022650291134,17754.08984375,0.026069457524154904,32.92599868774414,0.0030157804383550424
2025-03-18,22204.619140625,22327.099609375,22186.419921875,22271.669921875,2652000,4663.97021484375,0.014173331512768339,17808.66015625,0.0030736755857529996,32.95640182495117,0.0027323114721333752
2025-03-19,22245.419921875,22247.66015625,21942.689453125,21960.830078125,2916300,4589.02978515625,-0.016067947743103383,17504.119140625,-0.017100725880162315,32.97919845581055,0.0033587272767998666
2025-03-20,22171.0,22377.259765625,22171.0,22377.259765625,2626000,4634.52978515625,0.009914949810780227,17750.7890625,0.014092107114519692,33.003299713134766,0.002947767548334479
2025-03-21,22362.380859375,22366.94921875,22200.23046875,22209.099609375,3597700,4601.3701171875,-0.0071549152785587156,17691.630859375,-0.003332708361115988,32.987300872802734,0.0005733315992608734
2025-03-24,22348.380859375,22380.73046875,22106.640625,22106.640625,2651400,4557.9501953125,-0.009436302833543797,17784.05078125,0.0052239345603362075,32.974998474121094,0.0014881791997152227
2025-03-25,22269.369140625,22414.01953125,22228.6796875,22273.189453125,2553000,4694.22021484375,0.02989721556663638,18188.58984375,0.022747295735711326,33.01129913330078,0.0016657555227417298
2025-03-26,22327.609375,22398.119140625,22235.890625,22260.2890625,2295800,4661.33984375,-0.007004437284339082,18271.859375,0.004578119137620407,33.0452995300293,0.002004326281832558
2025-03-27,22093.19921875,22093.19921875,21919.400390625,21951.759765625,2674800,4508.740234375,-0.03273728466282244,17899.01953125,-0.02040513973417113,33.0885009765625,0.00258159833011562
2025-03-28,21836.16015625,21836.16015625,21525.05078125,21602.890625,3242700,4415.25,-0.02073533393257454,17804.029296875,-0.005307007694424604,33.11140060424805,0.003762045640649303
2025-03-31,21254.630859375,21254.630859375,20695.900390625,20695.900390625,4034100,4284.91015625,-0.029520376818979677,17322.990234375,-0.027018550378617556,33.18579864501953,0.006392727237390927
2025-04-01,20884.529296875,21315.51953125,20884.529296875,21280.169921875,2753300,4270.43017578125,-0.0033792961674189437,17299.2890625,-0.0013681917240805364,33.23910140991211,0.006900736493024917
2025-04-02,21313.76953125,21390.51953125,21235.990234375,21298.220703125,2300200,4282.4599609375,0.0028169961013468914,17449.890625,0.008705650385741004,33.20349884033203,0.004787346840629203
2025-04-07,20153.5703125,20153.5703125,19212.01953125,19232.349609375,1558900,3597.659912109375,-0.07602814650155743,15587.7900390625,-0.05817425293064171,33.162498474121094,-0.0007021127063318033
2025-04-08,19064.470703125,19064.470703125,18180.48046875,18459.94921875,5839900,3694.949951171875,0.02704258919388991,15603.259765625,0.0009924259002549451,32.980098724365234,-0.007792108527628239
2025-04-09,18337.439453125,18371.51953125,17306.970703125,17391.759765625,6177900,3562.93994140625,-0.03572714421307854,15267.91015625,-0.02149227881944238,33.0806999206543,-0.0036983728813715366
2025-04-10,18256.470703125,19024.470703125,18256.470703125,19000.029296875,2659600,4230.4501953125,0.18734816328191917,17124.970703125,0.12163161348672213,32.58810043334961,-0.020275093998381788
2025-04-11,18772.5,19528.76953125,18418.19921875,19528.76953125,4766500,3893.300048828125,-0.07969604437323252,16387.310546875,-0.043075119311905774,32.78630065917969,-0.007411214235518271
2025-04-14,19686.6796875,20023.630859375,19508.9296875,19513.08984375,4176300,3990.89990234375,0.025068669840898172,16724.4609375,0.020573869620679863,32.36199951171875,-0.02413868071571945
2025-04-15,19609.900390625,19895.4296875,19576.150390625,19857.669921875,2866400,4003.219970703125,0.00308704018162409,16831.48046875,0.006398982403674314,32.3568000793457,-0.018899235269997705
2025-04-16,19737.08984375,19737.08984375,19453.140625,19468.0,2805300,4021.889892578125,0.0046637262033144555,16823.169921875,-0.0004937502016194584,32.50400161743164,-0.017433074409123672
2025-04-17,19389.51953125,19478.0,19196.470703125,19338.73046875,2300500,3857.169921875,-0.040955862816407396,16307.16015625,-0.03067256456549472,32.37879943847656,-0.006422620284392333
2025-04-18,19423.98046875,19499.279296875,19376.349609375,19395.029296875,2123700,3857.169921875,-0.040955862816407396,16307.16015625,-0.03067256456549472,32.37879943847656,-0.006422620284392333
2025-04-21,19321.140625,19359.9609375,19080.599609375,19106.19921875,2325500,3832.469970703125,-0.00640364611156885,16286.4501953125,-0.0012699918771302832,32.37879943847656,-0.006422620284392333
2025-04-22,18990.859375,19059.650390625,18793.4296875,18793.4296875,2526000,3751.909912109375,-0.02102040177994402,15870.900390625,-0.025515063117136583,32.44060134887695,-0.010544016962948932
2025-04-23,19163.609375,19639.140625,19163.609375,19639.140625,2694600,3832.050048828125,0.021359824355082768,16300.419921875,0.027063337345606397,32.57360076904297,0.006538571797691128
2025-04-24,19752.58984375,19752.58984375,19433.369140625,19478.810546875,2418200,3983.919921875,0.039631495181885246,16708.05078125,0.025007383940334194,32.532798767089844,0.0054393106646069
2025-04-25,19861.240234375,20012.26953125,19861.240234375,19872.73046875,2674500,4208.18994140625,0.05629380708678977,17166.0390625,0.02741123349732466,32.43560028076172,-0.0021043974054332226
2025-04-28,19972.0703125,20073.75,19972.0703125,20034.41015625,2131000,4251.60986328125,0.010317956765157454,17382.939453125,0.012635436155963742,32.51900100708008,0.004330042220061836
2025-04-29,20018.3203125,20232.630859375,20007.30078125,20232.630859375,2538500,4235.6201171875,-0.003760868613991275,17366.130859375,-0.0009669592300730612,32.425899505615234,-0.0004531926860297242
2025-04-30,20215.390625,20331.890625,20185.310546875,20235.029296875,2806300,4196.75,-0.009176960188136518,17461.3203125,0.005481327642628653,32.32170104980469,-0.007733247577519253
2025-05-02,20534.080078125,20787.640625,20534.080078125,20787.640625,2779300,4247.66015625,0.00415364995756784,17710.740234375,0.015155063640452937,32.11159896850586,-0.009989064776088963
2025-05-05,20839.0390625,20885.5390625,20320.80078125,20532.990234375,3929000,4397.0498046875,0.035169868337439514,17977.73046875,0.015075046601202846,30.704299926757812,-0.05580433051824585
2025-05-06,20353.880859375,20623.849609375,20349.560546875,20522.58984375,3091500,4356.18017578125,-0.009294784167029557,17844.240234375,-0.00742531069797947,29.15999984741211,-0.10071886078711756
2025-05-07,20575.150390625,20685.279296875,20418.029296875,20546.490234375,2681400,4311.2001953125,-0.010325555567885392,17689.66015625,-0.008662743613326751,29.97760009765625,-0.07252405894530112
2025-05-08,20559.650390625,20747.279296875,20543.400390625,20543.400390625,2348100,4386.35986328125,0.01743358335585299,17738.16015625,0.00274171462716688,30.39069938659668,-0.05123944905541822
2025-05-09,20690.80078125,20915.0390625,20643.560546875,20915.0390625,2744700,4430.43994140625,0.010049352880049822,17928.140625,0.010710269107760961,30.268999099731445,-0.057381131054283
2025-05-12,20996.94921875,21176.130859375,20996.94921875,21129.5390625,2687300,4466.5,0.00813915978337465,17928.919921875,4.346780245101378e-05,30.246400833129883,-0.014913191140009885
2025-05-13,21474.01953125,21626.279296875,21330.140625,21330.140625,3601900,4780.93017578125,0.07039744224364708,18708.33984375,0.043472776122114976,30.39310073852539,0.042287410753286236
2025-05-14,21552.419921875,21782.869140625,21552.419921875,21782.869140625,3656500,4931.35009765625,0.03146248038446209,19010.08984375,0.016129170333668563,30.424999237060547,0.014924448186206751
2025-05-15,21776.650390625,21821.009765625,21674.3203125,21730.25,3543000,4960.72998046875,0.005957776720509678,19146.810546875,0.007192007205055306,30.33970069885254,-0.0016781018131696301
2025-05-16,21731.880859375,21854.5,21697.849609375,21843.689453125,3714600,4932.4501953125,-0.005700730591584824,19112.3203125,-0.001801356643215457,30.16699981689453,-0.003369760674967859
2025-05-19,21786.330078125,21786.330078125,21496.689453125,21523.830078125,3401200,4922.18994140625,-0.0020801535747894118,19211.099609375,0.005168357125659773,30.202600479125977,-0.0014481178850188625
2025-05-20,21631.609375,21746.560546875,21517.099609375,21526.029296875,2908900,4897.7099609375,-0.004973392079574257,19215.4609375,0.000227021264460614,30.14579963684082,-0.008136751291423772
2025-05-21,21603.580078125,21879.240234375,21603.580078125,21803.91015625,3078500,4890.77978515625,-0.0014149828872110914,19142.7109375,-0.00378601378528598,30.146299362182617,-0.009160226191179177
2025-05-22,21733.8203125,21733.8203125,21585.310546875,21670.9609375,3137400,4802.7099609375,-0.018007317460100314,18872.640625,-0.01410825840612473,30.0221004486084,-0.010468140519795943
2025-05-23,21766.240234375,21798.880859375,21559.779296875,21652.240234375,3065000,4775.47021484375,-0.005671744976336823,18925.740234375,0.0028135760347527405,30.046899795532227,-0.003981172211067641
2025-05-26,21577.640625,21688.44921875,21536.5703125,21536.5703125,3105400,4775.47021484375,-0.005671744976336823,18925.740234375,0.0028135760347527405,29.971500396728516,-0.007651661735458282
2025-05-27,21491.650390625,21558.470703125,21310.0,21336.5390625,3512400,4702.3798828125,-0.01530536863240417,18737.2109375,-0.009961528296397737,29.915000915527344,-0.0076560822434253994
2025-05-28,21539.150390625,21634.369140625,21305.73046875,21357.720703125,3647300,4861.08984375,0.03375098671155752,19199.16015625,0.024654107822710714,29.964799880981445,-0.006020622266786568
2025-05-29,21531.2890625,21605.259765625,21347.30078125,21347.30078125,5081700,4834.419921875,-0.005486407931606152,19100.939453125,-0.00511588539944674,29.950000762939453,-0.0024015536751789135
2025-06-02,21253.970703125,21256.099609375,20940.98046875,21002.7109375,3805400,4758.06005859375,-0.02107197690075091,19113.76953125,-0.0032384247576783265,29.871000289916992,-0.0033531890456339752
2025-06-03,21126.69921875,21303.2109375,21110.630859375,21126.9296875,3739600,4832.7900390625,0.01570597671077656,19242.609375,0.006740682079448224,29.987300872802734,0.0024168462330838025
2025-06-04,21341.439453125,21618.08984375,21341.439453125,21618.08984375,4061200,4964.41015625,0.027234809731778276,19398.9609375,0.008125278617521214,29.965900421142578,3.6727766095756564e-05
2025-06-05,21695.9296875,21738.9296875,21626.740234375,21674.4296875,3521900,5033.35009765625,0.013886834334076337,19460.490234375,0.0031717831214381764,29.941999435424805,-0.0002671561706452108
2025-06-06,21637.76953125,21702.4609375,21606.69921875,21660.66015625,2964300,5010.919921875,-0.00445631147169645,19298.44921875,-0.008326666680717576,29.94529914855957,0.003189255190191309
2025-06-09,21773.44921875,21866.26953125,21717.51953125,21790.2890625,3035200,5038.06005859375,0.005416198450961307,19529.94921875,0.011995782530291654,29.917699813842773,0.0015633732875541817
2025-06-10,21921.240234375,22294.859375,21921.240234375,22242.140625,3534000,5136.66015625,0.01957104451108349,19591.240234375,0.003138309011380125,29.913799285888672,-0.0024510904541170664
2025-06-11,22376.369140625,22470.099609375,22294.599609375,22470.099609375,3669800,5242.5,0.020604797773358552,19714.990234375,0.006316598567499998,29.888900756835938,-0.0025695761924214855
2025-06-12,22362.669921875,22390.169921875,22253.640625,22287.8203125,3060300,5232.52978515625,-0.0019018054065331746,19615.880859375,-0.005027107486322402,29.8075008392334,-0.004491971101712067
2025-06-13,22215.5,22228.009765625,21984.359375,22072.94921875,3285000,5249.14990234375,0.0031763062743852544,19662.490234375,0.002376104103309906,29.52519989013672,-0.014028888352015656
2025-06-16,22058.5703125,22094.599609375,21936.380859375,22049.900390625,2521300,5112.240234375,-0.0260822553205462,19406.830078125,-0.013002430170469537,29.5049991607666,-0.01379453151960619
2025-06-17,22172.58984375,22331.689453125,22118.4609375,22211.58984375,3044000,5267.2998046875,0.030331041422871907,19701.2109375,0.015168930638848721,29.0049991607666,-0.03038063190959439
2025-06-18,22135.830078125,22370.25,22104.6796875,22356.73046875,3214600,5223.64990234375,-0.008286959915382974,19521.08984375,-0.009142640740278152,29.6471004486084,-0.008089969925449192
2025-06-19,22238.099609375,22249.400390625,21973.0390625,22003.5,3057900,5223.64990234375,-0.008286959915382974,19521.08984375,-0.009142640740278152,29.54170036315918,-0.008917234541326091
2025-06-20,21960.509765625,22089.48046875,21779.55078125,22045.740234375,4418300,5251.02001953125,0.005239653824277157,19546.26953125,0.0012898709908895079,29.571300506591797,0.0015613989617893065
2025-06-23,21750.69921875,21801.3203125,21551.580078125,21732.01953125,3015300,5211.47998046875,-0.007529973017705194,19447.41015625,-0.00505771062053284,29.533000946044922,0.0009490522309709704
2025-06-24,22001.48046875,22201.05078125,22001.48046875,22188.759765625,3767600,5244.2998046875,0.006297601514684947,19630.970703125,0.009438817066138139,29.673900604248047,0.023061591547509197
2025-06-25,22341.869140625,22444.509765625,22284.51953125,22430.609375,3405900,5441.8701171875,0.0376733443658972,19912.529296875,0.01434257113455839,29.458099365234375,-0.00637502759170816
2025-06-26,22425.390625,22587.669921875,22391.26953125,22492.33984375,3685100,5493.2998046875,0.009450737778096796,19973.55078125,0.0030644768158396563,29.341899871826172,-0.006763337549187787
2025-06-27,22503.849609375,22580.080078125,22388.58984375,22580.080078125,3454100,5541.4599609375,0.008767072244792562,20167.91015625,0.009730837402353698,28.819000244140625,-0.02544021566733179
2025-06-30,22508.330078125,22558.94921875,22256.01953125,22256.01953125,3443500,5544.990234375,0.0006370655860341579,20273.4609375,0.005233600330041721,29.094999313354492,-0.014830921974053113
2025-07-01,22419.740234375,22730.759765625,22401.580078125,22553.720703125,3676400,5546.5400390625,0.00027949637817070716,20369.73046875,0.004748549423642334,29.206600189208984,-0.01574785941596657
2025-07-02,22463.55078125,22577.740234375,22396.259765625,22577.740234375,2897200,5507.5,-0.007038629269337959,20202.890625,-0.00819057689575009,29.225900650024414,-0.007882338650944898
2025-07-03,22707.41015625,22816.19921875,22700.859375,22712.970703125,3368000,5611.0498046875,0.018801598672265163,20393.130859375,0.00941648588344024,28.96809959411621,-0.012739470836681588
2025-07-04,22756.55078125,22842.75,22500.970703125,22547.5,3270200,5611.0498046875,0.018801598672265163,20393.130859375,0.00941648588344024,28.91710090637207,0.003404027252867259
2025-07-07,22550.140625,22550.5,22294.109375,22428.720703125,2570300,5647.1201171875,0.006428442761257758,20601.099609375,0.010197980458914957,28.900999069213867,-0.006667820887405251
2025-07-08,22375.650390625,22375.650390625,22190.4609375,22362.26953125,2661400,5541.2001953125,-0.018756449247931406,20412.51953125,-0.009153884098457632,29.068300247192383,-0.0047352290619467885
2025-07-09,22253.169921875,22527.009765625,22211.099609375,22527.009765625,2907300,5641.22021484375,0.018050244713385455,20418.4609375,0.000291066776000104,29.107099533081055,-0.004064925778198725
2025-07-10,22566.509765625,22699.2890625,22513.349609375,22693.25,2829400,5665.990234375,0.004390897463295795,20611.33984375,0.009446299936140878,29.20560073852539,0.008198713334216068
2025-07-11,22602.810546875,22770.009765625,22601.94921875,22751.029296875,4446700,5708.27978515625,0.007463752853770211,20630.66015625,0.0009373632498645978,29.243000030517578,0.011270117471343433
2025-07-14,22679.1796875,22735.23046875,22525.66015625,22614.970703125,2557300,5696.2900390625,-0.002100413179628613,20585.529296875,-0.0021875625420221256,29.21299934387207,0.010795484056139504
2025-07-15,22618.4296875,22888.23046875,22588.259765625,22835.939453125,2696000,5646.72021484375,-0.008702124343884066,20640.330078125,0.0026621021232773323,29.346099853515625,0.009556788802952854
2025-07-16,22967.509765625,23106.4296875,22923.119140625,23042.900390625,3171200,5718.60986328125,0.012731221966429507,20677.80078125,0.0018154120105235982,29.388099670410156,0.009654006817468641
2025-07-17,23042.970703125,23159.5390625,22923.369140625,23113.279296875,3078000,5696.2099609375,-0.003917018799897143,20730.490234375,0.0025481168757934824,29.400999069213867,0.006690440386344365
2025-07-18,23345.720703125,23468.2109375,23276.01953125,23383.130859375,2995200,5737.64013671875,0.007273288039830517,20885.650390625,0.00748463516761011,29.403200149536133,0.005478238171575223
2025-07-21,23314.2890625,23403.830078125,23243.7890625,23340.560546875,2784300,5732.6201171875,-0.0008749275680647317,20895.650390625,0.00047879763440294987,29.378000259399414,0.005648201801707664
2025-07-22,23301.66015625,23486.080078125,22985.900390625,22987.919921875,3764700,5739.419921875,0.001186160001621639,20974.1796875,0.0037581647571129917,29.333599090576172,-0.00042597697826463055
2025-07-23,23063.5703125,23318.669921875,23063.5703125,23318.669921875,3346500,5638.7099609375,-0.0175470626489026,20892.689453125,-0.0038852644341349496,29.39900016784668,0.00037091535549338417
2025-07-24,23373.669921875,23455.08984375,23295.310546875,23373.73046875,3659600,5637.7900390625,-0.00016314403141370892,21020.01953125,0.006094480005107927,29.23419952392578,-0.005673261132909668
2025-07-25,23454.58984375,23485.560546875,23308.44921875,23364.380859375,2946900,5644.3701171875,0.001167137846462607,21057.9609375,0.001805012892285518,29.391000747680664,-0.0004149004799962608
2025-07-28,23477.099609375,23564.439453125,23350.73046875,23412.98046875,3255000,5645.85986328125,0.0002639348701130029,21108.3203125,0.002391464926232212,29.472000122070312,0.003199668522054111
2025-07-29,23414.359375,23422.169921875,23094.669921875,23201.51953125,3565200,5737.10009765625,0.01616055597985966,21178.580078125,0.003328534179168896,29.656999588012695,0.01102491707335096
2025-07-30,23288.720703125,23461.720703125,23264.640625,23461.720703125,3352200,5739.7900390625,0.0004688677834554511,21098.2890625,-0.003791142528385638,29.68950080871582,0.009881310221796502
2025-07-31,23523.58984375,23631.109375,23454.439453125,23542.51953125,3757100,5787.31982421875,0.008280753273688157,21129.669921875,0.0014873651262450327,29.827999114990234,0.020311812901819826
2025-08-01,23318.369140625,23484.2109375,23168.26953125,23434.380859375,3402400,5607.919921875,-0.03099878834983305,21122.44921875,-0.0003417328880052084,29.9060001373291,0.017522349581413188
2025-08-04,23260.1796875,23378.939453125,23151.650390625,23378.939453125,3191500,5527.60986328125,-0.014320828348579284,20650.130859375,-0.022360965552978174,29.815000534057617,0.011638178968737423
2025-08-05,23498.400390625,23671.83984375,23498.400390625,23660.58984375,3421400,5624.41015625,0.017512142745777615,21053.580078125,0.019537368624801488,29.88409996032715,0.007657563997345296
2025-08-06,23443.359375,23557.490234375,23433.529296875,23447.359375,3264600,5561.68994140625,-0.011151429767982668,20916.55078125,-0.006508598365053131,29.937400817871094,0.008349753360706424
2025-08-07,23717.349609375,24050.5390625,23717.349609375,24003.76953125,3487700,5550.2998046875,-0.0020479632699319517,21169.419921875,0.01208942828430759,29.91469955444336,0.0029066796977861298
2025-08-08,24026.650390625,24131.4609375,23967.990234375,24021.259765625,3790600,5633.7001953125,0.015026285707046672,21242.69921875,0.0034615637625137197,29.8080997467041,-0.003273603630557065
2025-08-11,23980.390625,24249.05078125,23887.25,24135.5,3851900,5678.02001953125,0.007866912097244105,21450.01953125,0.009759603069510403,29.85099983215332,0.0012074223528717454
2025-08-12,24182.83984375,24263.919921875,24065.4296875,24158.359375,4193700,5670.3701171875,-0.0013472834399026468,21385.400390625,-0.0030125446054189986,29.947999954223633,0.002138260612878362
2025-08-13,24232.0390625,24406.939453125,24172.189453125,24370.01953125,4867300,5840.08984375,0.029930978587810575,21681.900390625,0.013864598959296481,29.87809944152832,-0.001980845855775626
2025-08-14,24258.5,24389.509765625,24198.880859375,24238.099609375,4491700,5892.60986328125,0.008993015678937955,21713.140625,0.0014408439210664703,29.939699172973633,0.0008356967946401284
2025-08-15,24266.23046875,24385.560546875,24164.4296875,24334.48046875,4491700,5885.490234375,-0.0012082301512297278,21710.669921875,-0.00011378838131570479,30.07900047302246,0.009088158206002728
2025-08-18,24272.55078125,24515.650390625,24257.30078125,24482.51953125,4745200,5752.740234375,-0.022555470269011058,21622.98046875,-0.004039002639741107,29.98900032043457,0.004622977088110991
2025-08-19,24493.919921875,24551.419921875,24324.2890625,24353.5,4734800,5776.31005859375,0.004097147317362104,21629.76953125,0.00031397440837599433,30.025100708007812,0.00257448757519807
2025-08-20,24309.26953125,24309.26953125,23620.240234375,23625.439453125,4336000,5671.509765625,-0.018143121111172444,21314.94921875,-0.014554954552111976,30.1072998046875,0.0076711828209732325
2025-08-21,23739.830078125,24011.5,23739.830078125,23962.130859375,3924400,5630.81982421875,-0.0071744461506302315,21172.859375,-0.006666206064662283,30.280099868774414,0.01136954295479553
2025-08-22,24033.01953125,24071.650390625,23764.470703125,23764.470703125,3633100,5603.259765625,-0.00489450194716079,21100.310546875,-0.003426501203265042,30.516000747680664,0.014528417426973528
2025-08-25,24108.810546875,24362.01953125,24108.75,24277.380859375,3818800,5754.4599609375,0.02698432727322153,21496.5390625,0.018778326259453193,30.367300033569336,0.012614615662162931
2025-08-26,24237.359375,24382.419921875,24113.029296875,24305.099609375,5104500,5756.2998046875,0.00031972483299713694,21449.2890625,-0.0021980282436453447,30.444000244140625,0.01395164466579435
2025-08-27,24449.810546875,24539.880859375,24410.080078125,24519.900390625,4022200,5807.919921875,0.008967586633598312,21544.26953125,0.00442814064714403,30.546600341796875,0.014591163603485224
2025-08-28,24468.119140625,24502.369140625,24236.44921875,24236.44921875,4093700,5824.60986328125,0.002873652121715642,21590.140625,0.0021291552114803824,30.575000762939453,0.009739099125929407
2025-08-29,24438.029296875,24570.150390625,24233.099609375,24233.099609375,4230800,5853.0498046875,0.0048827204008181635,21705.16015625,0.005327410008474587,30.492799758911133,-0.0007602892974530873
2025-09-01,24143.369140625,24312.830078125,23885.41015625,24071.73046875,3978800,5853.0498046875,0.0048827204008181635,21705.16015625,0.005327410008474587,30.56049919128418,0.00636207886447826
2025-09-02,24113.900390625,24295.029296875,23890.330078125,24016.779296875,3621600,5668.93994140625,-0.0314553727415412,21455.55078125,-0.011500001529734183,30.62529945373535,0.005955170415872679
2025-09-03,24036.880859375,24103.23046875,23925.490234375,24100.30078125,3208300,5605.4599609375,-0.011197857293404834,21279.630859375,-0.008199273170313437,30.743999481201172,0.0064622294198217745
2025-09-04,24235.26953125,24389.349609375,24168.16015625,24179.849609375,4098500,5592.81982421875,-0.002254968692459669,21497.73046875,0.010249219585447555,30.722000122070312,0.004807828469755693
2025-09-05,24244.259765625,24494.580078125,24244.259765625,24494.580078125,3935800,5667.85986328125,0.01341721017679709,21707.689453125,0.009766565111615222,30.694000244140625,0.006598294903067847
2025-09-08,24610.849609375,24729.9609375,24547.380859375,24547.380859375,4221200,5761.39990234375,0.016503590653059508,21700.390625,-0.0003362323816525903,30.479000091552734,-0.0026668117958847937
2025-09-09,24650.4609375,24880.0703125,24650.4609375,24855.1796875,4235300,5809.60986328125,0.008367751198435025,21798.69921875,0.0045302683923460485,30.331100463867188,-0.009606403696153287
2025-09-10,25032.880859375,25272.23046875,25032.880859375,25192.58984375,4503300,5819.830078125,0.0017591912510932506,21879.490234375,0.003706231037653218,30.351600646972656,-0.012763428338868343
2025-09-11,25509.30078125,25541.439453125,25174.130859375,25215.7109375,5159400,5958.08984375,0.023756667079452454,21886.060546875,0.00030029550184296205,30.236799240112305,-0.015793271272381948
2025-09-12,25349.69921875,25492.279296875,25349.69921875,25474.640625,4362700,5995.39013671875,0.006260444865207493,22043.0703125,0.00717396195120279,30.290000915527344,-0.013162159555609065
2025-09-15,25494.099609375,25519.939453125,25284.169921875,25357.16015625,3734300,6001.740234375,0.0010591633757675023,22141.099609375,0.004447170720106586,30.284900665283203,-0.006368300327651677
2025-09-16,25335.4609375,25664.810546875,25335.4609375,25629.640625,4224500,6059.830078125,0.009678833385238894,22348.75,0.009378503971730234,30.19409942626953,-0.0045168502132278965
2025-09-17,25543.91015625,25632.0703125,25422.9609375,25438.25,4404600,6079.22021484375,0.003199782249463601,22333.9609375,-0.0006617400302030285,30.047199249267578,-0.010029171154617211
2025-09-18,25543.169921875,25769.359375,25475.25,25769.359375,4746200,6060.22021484375,-0.0031254008455898763,22261.330078125,-0.0032520366440261794,30.08639907836914,-0.004974076804519778
2025-09-19,25794.66015625,25864.009765625,25578.369140625,25578.369140625,6041400,6278.16015625,0.035962379860790206,22470.720703125,0.009406024899013321,30.11050033569336,-0.005926067164361393
2025-09-22,25599.599609375,25887.689453125,25599.599609375,25880.599609375,4316700,6232.25,-0.00731267682050063,22631.48046875,0.0071541882322734285,30.215999603271484,-0.0022750961864868025
2025-09-23,26121.0,26307.30078125,26041.689453125,26247.369140625,4775000,6330.1201171875,0.015703817591961267,22788.98046875,0.006959332608287738,30.21769905090332,0.0007815972352949174
2025-09-24,26389.16015625,26394.029296875,26045.470703125,26196.73046875,4309500,6308.2099609375,-0.003461254422409743,22573.470703125,-0.009456753272509166,30.27400016784668,0.0075481550442553225
2025-09-25,26067.970703125,26247.849609375,26023.849609375,26023.849609375,5318500,6297.0,-0.0017770430925596603,22497.859375,-0.0033495659183030435,30.364099502563477,0.00923009840662492
2025-09-26,25998.279296875,25998.279296875,25469.0390625,25580.3203125,4370400,6284.669921875,-0.0019580876806415404,22384.69921875,-0.005029818809150544,30.561500549316406,0.014978170691120285
2025-09-30,25738.310546875,25975.83984375,25738.310546875,25820.5390625,3601000,6315.10986328125,0.0015955557696420986,22591.150390625,0.00476248635752885,30.458200454711914,0.007958958205370292
2025-10-01,26078.2890625,26325.7890625,25982.91015625,25982.91015625,4127200,6369.81982421875,0.00866334270059288,22660.009765625,0.003048068549381,30.442100524902344,0.0055526311727447375
2025-10-02,26392.310546875,26489.7890625,26330.25,26378.390625,4331900,6500.27978515625,0.02048094993856453,22755.16015625,0.004199044555106113,30.44700050354004,0.002730230842826753
2025-10-03,26435.099609375,26761.060546875,26410.029296875,26761.060546875,3947400,6626.3798828125,0.019399180008252248,22844.05078125,0.003906394171239613,30.46380043029785,-0.0031968364531348437
2025-10-07,27029.279296875,27301.419921875,27017.080078125,27211.94921875,4714200,6774.06005859375,0.028907553676716047,22941.669921875,0.007074475413767267,30.510499954223633,0.0017170909223440667
2025-10-08,26999.8203125,27110.4296875,26883.990234375,27063.6796875,4475000,6634.759765625,-0.02056378180350349,22788.359375,-0.006682623688557987,30.536699295043945,0.00310749811972455
2025-10-09,27301.609375,27463.119140625,27253.0703125,27301.919921875,5551400,6860.2001953125,0.03397868764676559,23043.380859375,0.01119086636200639,30.524999618530273,0.0025617996420095324
2025-10-13,26762.599609375,26965.720703125,26470.439453125,26923.419921875,4848200,6407.60009765625,-0.06324377727317176,22204.4296875,-0.035622771843095036,30.665000915527344,0.008053939468077864
2025-10-14,27282.099609375,27507.16015625,26764.060546875,26793.150390625,6407700,6723.47021484375,0.04929616586138663,22694.609375,0.02207576120615018,30.69099998474121,0.0059159971415869705
2025-10-15,26911.05078125,27275.7109375,26773.150390625,27275.7109375,4438300,6570.330078125,-0.02277694878169534,22521.69921875,-0.007618996801966316,30.683900833129883,0.0048204796682078666
2025-10-16,27337.3203125,27732.779296875,27337.3203125,27647.869140625,4657900,6767.06005859375,0.02994217613567618,22670.080078125,0.006588350991361569,30.609800338745117,0.00277807440703004
2025-10-17,27399.91015625,27513.08984375,27302.369140625,27302.369140625,4488400,6800.02001953125,0.004870647024278085,22562.5390625,-0.004743742203573875,30.611900329589844,0.0009351735453217991
2025-10-20,27480.439453125,27768.26953125,27412.44921875,27688.630859375,4283400,6777.97998046875,-0.0032411726729032475,22679.970703125,0.005204717443356266,30.62190055847168,-0.0014055227708745788
2025-10-21,27742.55078125,27969.05078125,27742.55078125,27752.41015625,4293000,6885.02978515625,0.015793762300268188,22990.5390625,0.01369350796084623,30.597299575805664,-0.003053025609531579
2025-10-22,27614.109375,27725.830078125,27490.890625,27648.91015625,3944200,6839.27001953125,-0.0066462698133354925,22953.669921875,-0.0016036657742026783,30.67729949951172,-0.00021513997369715376
2025-10-23,27457.0703125,27586.849609375,27371.669921875,27532.259765625,3819800,6677.56982421875,-0.02364290265638358,22740.400390625,-0.009291304265325873,30.745100021362305,0.004420142605305655
2025-10-27,28029.880859375,28196.330078125,27993.630859375,27993.630859375,4954700,6976.93994140625,0.01891958864630716,23204.869140625,0.011466770280299965,30.83329963684082,0.006903525728766624
2025-10-28,28041.009765625,28087.9296875,27885.619140625,27949.109375,5011300,7167.97998046875,0.027381637317633878,23637.4609375,0.018642285558837957,30.60110092163086,0.00012423795164595575
2025-10-29,28157.91015625,28395.310546875,28139.650390625,28294.740234375,5040500,7194.7099609375,0.0037290813508943366,23827.490234375,0.008039327801639073,30.543100357055664,-0.0043745422395536915
2025-10-30,28350.240234375,28527.6796875,28116.599609375,28287.529296875,5137600,7327.93017578125,0.01851641213711841,23958.470703125,0.005497031683221021,30.665199279785156,-0.0025988122179348982
2025-10-31,28280.470703125,28489.759765625,28233.349609375,28233.349609375,4459700,7216.0,-0.01527445992200882,23581.140625,-0.01574933904590925,30.73069953918457,-0.0014394826935766325
2025-11-03,28253.529296875,28494.990234375,28150.44921875,28334.58984375,3968500,7228.66015625,0.001754456243070912,23724.9609375,0.006098954871908369,30.78179931640625,-0.0016702824881263956
2025-11-04,28364.759765625,28554.609375,28033.619140625,28116.560546875,4218000,7270.97021484375,0.005853098316866978,23834.720703125,0.004626341257806255,30.903099060058594,0.009868865149693429
2025-11-05,27785.91015625,27799.08984375,27373.05078125,27717.060546875,4085800,6979.56982421875,-0.04007723618920944,23348.640625,-0.020393781164017133,30.91900062561035,0.012307207328670966
2025-11-06,27906.439453125,28061.529296875,27879.69921875,27899.44921875,4125700,7190.27001953125,0.03018813488782368,23499.80078125,0.006474045263609396,30.892900466918945,0.007425394012811504
2025-11-07,27818.5390625,27818.5390625,27621.48046875,27651.41015625,4344700,7018.39013671875,-0.02390451017077455,23053.990234375,-0.018970822392277542,30.97879981994629,0.008073369122149954
2025-11-10,27805.470703125,27976.890625,27680.509765625,27869.509765625,4157600,6947.35986328125,-0.010120593477111584,23004.5390625,-0.0021450157379379053,30.966800689697266,0.006010089643863514
2025-11-11,28031.5390625,28187.69921875,27784.94921875,27784.94921875,5302400,7156.9501953125,0.030168342529511616,23527.169921875,0.022718597314864253,30.966800689697266,0.002061334674392068
2025-11-12,27853.470703125,28071.759765625,27799.919921875,27947.08984375,5291300,6979.7001953125,-0.024766135736991934,23468.30078125,-0.0025021768797727217,30.96430015563965,0.0014651033058221685
2025-11-13,27867.58984375,28038.240234375,27811.810546875,27903.560546875,6572900,7082.1298828125,0.014675370665460763,23406.4609375,-0.0026350371220488222,31.06410026550293,0.005541719812528045
2025-11-14,27816.44921875,27816.44921875,27383.33984375,27397.5,5171300,6818.740234375,-0.03719073962152486,22870.359375,-0.022903999196268954,31.124900817871094,0.00471616068969638
2025-11-17,27600.740234375,27723.76953125,27447.310546875,27447.310546875,4781900,6811.2001953125,-0.0011057818311495105,22900.58984375,0.0013218187022914218,30.554500579833984,-0.013314262393288034
2025-11-18,27310.400390625,27310.400390625,26756.119140625,26756.119140625,5433000,6705.740234375,-0.015483315408946319,22708.0703125,-0.008406749894371957,31.174999237060547,0.006723282442042899
2025-11-19,26708.279296875,26902.970703125,26580.119140625,26580.119140625,4448000,6551.02978515625,-0.02307134541622602,22432.849609375,-0.012119951159984765,31.103200912475586,0.00448583549887327
2025-11-20,27212.91015625,27493.630859375,27183.029296875,27426.359375,4862100,6670.02978515625,0.018165083033149676,22564.23046875,0.005856628188694035,31.183000564575195,0.0038275790399862064
2025-11-21,26821.970703125,26821.970703125,26395.98046875,26434.939453125,4006000,6352.06982421875,-0.0476699461890111,22078.05078125,-0.02154647765069262,31.352100372314453,0.007299607339243508
2025-11-24,26596.029296875,26764.130859375,26482.330078125,26504.240234375,6156100,6406.43017578125,0.008557895783078306,22273.080078125,0.008833628421609951,31.338600158691406,0.025662326792372125
2025-11-25,26995.900390625,27118.01953125,26793.7109375,26912.169921875,3724900,6703.2001953125,0.046323773363386334,22872.009765625,0.026890294714480234,31.42609977722168,0.008054548397955497
2025-11-26,27063.169921875,27409.5390625,27063.169921875,27409.5390625,4016500,6714.18017578125,0.0016380206690571608,23025.58984375,0.00671476095449286,31.388099670410156,0.009159789011307096
2025-11-27,27517.240234375,27659.060546875,27436.58984375,27554.529296875,3621100,6714.18017578125,0.0016380206690571608,23025.58984375,0.00671476095449286,31.248899459838867,0.002113295515843827
2025-11-28,27566.119140625,27796.900390625,27566.119140625,27626.48046875,3953500,6899.4599609375,0.027595295375684614,23214.689453125,0.008212584809258683,31.314699172973633,-0.001192940788549146
2025-12-01,27674.16015625,27697.060546875,27342.529296875,27342.529296875,3774100,7025.14990234375,0.01821735934665414,23365.689453125,0.006504502259437883,31.37689971923828,0.0012221209739087247
2025-12-02,27550.349609375,27741.890625,27477.099609375,27564.26953125,4210100,7020.52978515625,-0.0006576538937566045,23275.919921875,-0.0038419380446740314,31.395999908447266,-0.000957798421941991
2025-12-03,27605.630859375,27847.669921875,27605.630859375,27793.0390625,3769000,7149.47021484375,0.018366196516981237,23413.669921875,0.005918133438435724,31.402000427246094,0.0004428671051099897
2025-12-04,27773.419921875,27880.23046875,27636.630859375,27795.7109375,3599700,7280.509765625,0.01832856796985949,23454.08984375,0.0017263385880927906,31.314699172973633,0.002105664976116417
2025-12-05,27796.4296875,27980.890625,27738.5,27980.890625,3817000,7215.97021484375,-0.008864702178681738,23505.140625,0.0021766259782449726,31.364999771118164,0.0016062935130458644
2025-12-08,28034.0,28303.779296875,28026.390625,28303.779296875,4068700,7294.83984375,0.010929871736999441,23578.130859375,0.0031052881384325826,31.27400016784668,-0.0032794684086812076
2025-12-09,28364.0390625,28390.240234375,28157.26953125,28182.599609375,4898300,7375.22021484375,0.01101879860496413,23545.900390625,-0.0013669645376993556,31.16469955444336,-0.007367191829481201
2025-12-10,28190.759765625,28417.08984375,28190.759765625,28400.73046875,4773000,7372.509765625,-0.00036750756449210886,23576.490234375,0.0012991579528713881,31.150999069213867,-0.007993164595158864
2025-12-11,28385.23046875,28568.01953125,27984.189453125,28024.75,4248000,7467.490234375,0.01288305770619047,23654.150390625,0.003293965958375278,31.07699966430664,-0.007590668757633812
2025-12-12,28097.5390625,28272.060546875,28071.33984375,28198.01953125,4802600,7411.47998046875,-0.007500545986443896,23593.859375,-0.002548855681956619,31.180099487304688,-0.005895115101634318
2025-12-15,28119.7890625,28119.7890625,27684.869140625,27866.939453125,4157000,7033.56982421875,-0.05098983701580462,23195.169921875,-0.01689801769130872,31.320100784301758,0.0014740876193533037
2025-12-16,27721.099609375,27740.66015625,27355.669921875,27536.66015625,5140200,6990.41015625,-0.006136239356029138,23057.41015625,-0.005939157423247909,31.328699111938477,0.005262350025502904
2025-12-17,27596.1796875,27780.689453125,27469.599609375,27525.169921875,5499500,6958.43994140625,-0.004573439058531692,23111.4609375,0.002344182667685546,31.4689998626709,0.010208365797529373
2025-12-18,27447.44921875,27569.439453125,27350.76953125,27468.529296875,4799900,6695.31005859375,-0.037814493626185275,22693.3203125,-0.01809234933831194,31.632099151611328,0.01786206819515601
2025-12-19,27685.740234375,27869.779296875,27672.05078125,27696.349609375,5627700,6863.6298828125,0.025139959575539494,23006.359375,0.013794326180095018,31.51409912109375,0.010711948944391647
2025-12-22,27986.66015625,28168.75,27986.66015625,28149.640625,5026500,7067.8701171875,0.029756883436626858,23307.619140625,0.013094630085295655,31.5039005279541,0.005868427592814918
2025-12-23,28253.140625,28350.369140625,28212.83984375,28310.470703125,4559700,7145.56982421875,0.010993369394593389,23428.830078125,0.005200485590942661,31.53219985961914,0.006495665426564656
2025-12-24,28383.609375,28486.380859375,28280.58984375,28371.98046875,4612900,7184.5400390625,0.0054537588747178845,23561.83984375,0.0056771834180993075,31.489500045776367,0.0006514405667459311
2025-12-26,28443.48046875,28590.91015625,28404.33984375,28556.01953125,4511200,7204.3701171875,0.002760104059158053,23613.310546875,0.002184494227374767,31.570199966430664,-0.001956847216619595
2025-12-29,28662.7890625,28841.640625,28595.349609375,28810.890625,4440500,7207.64013671875,0.0004538938835816353,23593.099609375,-0.0008559129165679469,31.3799991607666,-0.004255236991286493
2025-12-30,28723.8203125,28833.029296875,28553.640625,28707.130859375,5135300,7178.27001953125,-0.004074858987184515,23474.349609375,-0.005033251330520905,31.317800521850586,-0.00590720523442434
2025-12-31,28723.490234375,29009.810546875,28687.900390625,28963.599609375,5689400,7169.10009765625,-0.0012774556891911315,23419.080078125,-0.002354464859291694,31.243600845336914,-0.009152517603182253
2026-01-02,29016.6796875,29363.4296875,29007.75,29349.810546875,5945900,7083.1298828125,-0.011991772143320478,23241.990234375,-0.0075617762593251925,31.303499221801758,-0.005906756973093286
2026-01-05,29779.69921875,30339.3203125,29779.69921875,30105.0390625,6274000,7367.47021484375,0.04014331753554501,23235.630859375,-0.0002736157676632711,31.358699798583984,-0.00669936104527602
2026-01-06,29933.650390625,30576.30078125,29933.650390625,30576.30078125,6867900,7446.4501953125,0.010720094980448458,23395.8203125,0.006894129713735264,31.474599838256836,0.003014680688981919
2026-01-07,30412.3203125,30570.259765625,30306.16015625,30435.470703125,8350800,7650.93017578125,0.02746006151998026,23547.169921875,0.00646908752731945,31.49209976196289,0.005565500680378088
2026-01-08,30330.580078125,30593.490234375,30268.359375,30360.55078125,8283300,7574.8701171875,-0.009941282542940355,23584.279296875,0.0015759590270558732,31.449100494384766,0.006577335629946113
2026-01-09,30370.44921875,30500.419921875,29925.490234375,30288.9609375,6518900,7436.10009765625,-0.018319788641178003,23480.01953125,-0.004420731467457473,31.5447998046875,0.007708422025793471
2026-01-12,30472.69921875,30681.990234375,30472.69921875,30567.2890625,5720700,7638.77978515625,0.027256180637466265,23671.349609375,0.008148633687052653,31.593299865722656,0.007481179661322113
2026-01-13,30630.859375,30973.849609375,30529.330078125,30707.220703125,6687400,7674.83984375,0.004720656912223342,23733.900390625,0.002642467889757638,31.569900512695312,0.0030278597640069904
2026-01-14,30742.529296875,30994.810546875,30742.529296875,30941.779296875,6046100,7747.990234375,0.009531194411121158,23709.869140625,-0.0010125284763347064,31.616899490356445,0.003962890037084499
2026-01-15,30746.98046875,30877.310546875,30663.869140625,30810.580078125,6569600,7701.47021484375,-0.006004140186555484,23471.75,-0.010043039006782273,31.510700225830078,0.001958712029182186
2026-01-16,30844.630859375,31475.220703125,30844.630859375,31408.69921875,7323000,7837.2998046875,0.017636838948224876,23530.01953125,0.0024825388498939116,31.564199447631836,0.0006149870363563181
2026-01-19,31336.76953125,31827.390625,31285.529296875,31639.2890625,7864700,7837.2998046875,0.017636838948224876,23530.01953125,0.0024825388498939116,31.607999801635742,0.000465286499845341
2026-01-20,31584.33984375,31759.990234375,31340.099609375,31759.990234375,7884000,7927.41015625,0.011497627219594797,23515.390625,-0.0006217124567436949,31.548999786376953,-0.0006620459988447847
2026-01-21,31749.140625,31749.140625,31200.759765625,31246.369140625,8417100,7794.18994140625,-0.0168050109957687,22954.3203125,-0.023859706242919332,31.682300567626953,0.002068548096895384
2026-01-22,31371.130859375,31890.619140625,31371.130859375,31746.080078125,7642300,8042.06982421875,0.031803161672472324,23224.8203125,0.01178427399798454,31.639999389648438,0.004103341496434654
2026-01-23,31788.76953125,32042.439453125,31693.150390625,31961.509765625,7178200,8055.169921875,0.0016289460229255148,23436.01953125,0.00909368580287051,31.583999633789062,0.0006272988545164004
2026-01-26,32002.560546875,32196.75,31989.859375,32064.51953125,6470200,7957.93017578125,-0.01207171878890867,23501.240234375,0.0027829257881455405,31.370800018310547,-0.007504422450449355
2026-01-27,32095.080078125,32428.169921875,32095.080078125,32317.919921875,7511200,7927.0400390625,-0.003881679788138803,23601.359375,0.0042601641286383884,31.440500259399414,-0.0034390797715365684
2026-01-28,32381.759765625,32803.8203125,32381.759765625,32803.8203125,7408400,8117.18017578125,0.023986271771277323,23817.099609375,0.009141008826954566,31.110300064086914,-0.018054260369100517
2026-01-29,32828.01953125,32996.03125,32472.44921875,32536.26953125,7939900,8306.740234375,0.023352944555712796,23857.44921875,0.0016941445447504755,31.26959991455078,-0.01170668401526076
2026-01-30,32555.51953125,32555.51953125,32004.9609375,32063.75,8004400,8320.3896484375,0.001643173336035808,23685.119140625,-0.007223323690009664,31.3617000579834,-0.007038360511119168
2026-02-02,32008.4609375,32008.4609375,31359.94921875,31624.029296875,6128700,7998.47021484375,-0.03869042763570618,23461.8203125,-0.009427811057196478,31.58300018310547,0.006764257356237868
2026-02-03,31737.66015625,32293.830078125,31737.66015625,32195.359375,6083600,8134.490234375,0.01700575433522533,23592.109375,0.005553237590460336,31.57710075378418,0.004344730308288414
2026-02-04,32196.5703125,32380.0,31942.279296875,32289.810546875,5481900,7966.330078125,-0.020672488552433643,23255.189453125,-0.01428104272151376,31.573200225830078,0.01487932166483752
2026-02-05,32241.640625,32241.640625,31769.080078125,31801.26953125,5843100,7619.16015625,-0.04357965568465527,22904.580078125,-0.015076607984928048,31.657100677490234,0.012392252027475958
2026-02-06,31746.439453125,31842.619140625,31164.279296875,31782.919921875,5482300,7614.64013671875,-0.0005932438009643715,22540.58984375,-0.01589159168749088,31.648799896240234,0.009154473058731849
2026-02-09,31956.2109375,32666.05078125,31956.2109375,32404.619140625,4854000,8048.6201171875,0.05699284177279029,23031.2109375,0.021766116022293724,31.575000762939453,-0.00025328246587208447
2026-02-10,32439.7109375,33072.96875,32439.7109375,33072.96875,4429000,8162.580078125,0.014158943928058276,23238.669921875,0.00900773237403718,31.561199188232422,-0.0005035790231581183
2026-02-11,33086.1484375,33707.828125,33071.671875,33605.7109375,5334200,8107.1298828125,-0.006793219151515761,23102.470703125,-0.005860887013236171,31.478700637817383,-0.002993031664094148
2026-02-23,33663.01953125,34212.37890625,33663.01953125,33773.26171875,6847600,8260.419921875,0.010659111897196594,22886.0703125,0.008964522328127167,31.51099967956543,0.004526768488403832
2026-02-24,34020.7109375,34786.421875,33987.51171875,34700.8203125,6653800,8213.4599609375,-0.005684936284309439,22627.26953125,-0.011308222762413167,31.434799194335938,0.0034411061124415276
2026-02-25,34753.30859375,35521.5390625,34753.30859375,35413.0703125,8280600,8332.33984375,0.014473788559009604,22863.6796875,0.01044801963062758,31.377099990844727,3.5075859905697726e-05
2026-02-26,35457.76171875,35579.33984375,35171.51953125,35414.48828125,8684700,8467.4296875,0.016212714109510307,23152.080078125,0.012613909684129787,31.269100189208984,-0.008246357347152622
2026-03-02,35277.48046875,35345.71875,34605.359375,35095.08984375,7852100,8098.3701171875,-0.012063744625025907,22668.2109375,-0.00918639842420832,31.375,-0.004315943034127967
2026-03-03,35106.21875,35264.58984375,34323.6484375,34323.6484375,8829900,8137.35986328125,0.004814517678193075,22748.859375,0.0035577769115684443,31.53499984741211,0.0031875709609821
2026-03-04,34228.75,34228.75,32828.87890625,32828.87890625,7817200,7764.8798828125,-0.04577405776897203,22516.689453125,-0.010205782982251166,31.733999252319336,0.011374513947393083
2026-03-05,33620.73828125,34319.6796875,33472.91015625,33672.94140625,5789800,7914.47998046875,0.0192662475033758,22807.48046875,0.012914465789047869,31.6299991607666,0.011541712725144704
2026-03-06,33483.94140625,33829.48828125,33322.51953125,33599.5390625,5479700,7821.759765625,-0.011715263046032542,22748.990234375,-0.0025645197616256388,31.905899047851562,0.021093346840576066
2026-03-09,32354.609375,32354.609375,31529.359375,32110.419921875,6749000,7514.740234375,-0.03925197659474111,22387.6796875,-0.015882487229215148,31.80229949951172,0.013619107554158294
2026-03-10,32692.369140625,33256.69140625,32455.19921875,32771.87109375,6268300,7810.39990234375,0.039343963829421735,22695.94921875,0.01376960612055389,31.802000045776367,0.008466789270847874
2026-03-11,33128.48828125,34218.66015625,33128.48828125,34114.19140625,5854600,7865.1201171875,0.00700607081941218,22697.099609375,5.0687046129427316e-05,31.77389907836914,0.0012573210748685337
2026-03-12,33816.1484375,34019.48046875,33458.640625,33581.859375,7553100,7914.56982421875,0.0062872157442566134,22716.130859375,0.0008384881913343634,31.811500549316406,0.005738267257842322
2026-03-13,33215.78125,33639.1796875,33013.4609375,33400.3203125,6795000,7643.169921875,-0.034291175436125476,22311.98046875,-0.0177913392525737,31.89579963684082,-0.00031653742135884233
2026-03-16,33541.25,33765.80859375,33278.05859375,33342.51171875,6288500,7646.64013671875,0.0004540282211726865,22105.359375,-0.009260544757082045,32.16310119628906,0.011345144925224204
2026-03-17,33380.83984375,34008.69921875,33380.83984375,33836.5703125,6564400,7796.240234375,0.019564160857770574,22374.1796875,0.012160865966468926,31.94499969482422,0.004496561500597851
2026-03-18,33929.28125,34423.66015625,33929.28125,34348.578125,7008700,7836.830078125,0.005206335686146701,22479.529296875,0.004708535054532392,31.885000228881836,0.003496616837570521
2026-03-19,34279.12109375,34279.12109375,33663.78125,33689.6796875,6675700,7795.1298828125,-0.005321053907867412,22152.419921875,-0.014551433469982555,32.03120040893555,0.006906302935271613
2026-03-20,33719.8515625,33989.1796875,33379.23828125,33543.87890625,7825000,7863.2998046875,0.008745193845365984,22090.689453125,-0.0027866241687231064,31.802099227905273,-0.0029377037102816805
2026-03-23,33334.0,33334.0,32461.08984375,32722.5,5505600,7670.60986328125,-0.024504971982803325,21647.609375,-0.020057322297033164,32.02170181274414,-0.004396323062318297
2026-03-24,33062.890625,33361.4609375,32434.5390625,32612.240234375,5184200,7773.1298828125,0.013365302284764402,21946.759765625,0.013819095930771796,31.86199951171875,-0.0025982214399243864
2026-03-25,32725.26953125,33705.75,32725.26953125,33439.109375,4540400,7872.7099609375,0.01281080846792304,21761.890625,-0.008423527782655094,31.925800323486328,0.0012796015151832485
2026-03-26,33575.6015625,33892.55859375,33337.62109375,33337.62109375,5141000,7967.75,0.012072086935002835,21929.8203125,0.007716686495385705,31.93589973449707,-0.002975245174136276
2026-03-27,33267.25,33267.25,32669.390625,33112.58984375,4967400,7585.8701171875,-0.04792819589124908,21408.080078125,-0.023791359297075876,31.93000030517578,0.0040217809633862345
2026-03-30,33009.6796875,33009.6796875,32326.369140625,32518.16015625,5026000,7457.669921875,-0.016899866901495364,20948.359375,-0.021474167765036856,31.976999282836914,-0.0013960073130603323
2026-03-31,32419.0,32453.380859375,31705.990234375,31722.990234375,5862700,7142.330078125,-0.042283963631192356,20794.640625,-0.0073379851494933535,32.03900146484375,0.005555268214096243
2026-04-01,31892.330078125,33182.21875,31892.330078125,33174.8203125,4716000,7588.2001953125,0.06242642279346322,21590.630859375,0.03827862422484163,31.93790054321289,0.0003790106936696347
2026-04-02,33218.01953125,33497.578125,32516.939453125,32572.4296875,5332000,7802.31005859375,0.028216159006125396,21840.94921875,0.011593841838405838,32.00199890136719,0.0020697449396960277
2026-04-07,32671.51953125,33264.21875,32671.51953125,33229.8203125,4475300,7916.10986328125,0.01055988851809575,21996.33984375,0.005354869694540465,31.913999557495117,-0.0039015544066127728
2026-04-08,33379.5,34761.37890625,33379.5,34761.37890625,5671700,8003.8701171875,0.01108628548895263,22017.849609375,0.0009778793098211835,31.893999099731445,-0.001374587644608849
2026-04-09,34779.9609375,34884.44921875,34617.33984375,34861.16015625,6586300,8510.919921875,0.06335057881544848,22634.990234375,0.028029105291791367,31.720399856567383,-0.0087994204883175
2026-04-10,34950.87109375,35417.828125,34950.87109375,35417.828125,6752000,8689.5302734375,0.020986021863915072,22822.419921875,0.008280528754784022,31.725799560546875,-0.006647272344195043
2026-04-13,35422.91015625,35552.48828125,35261.73046875,35457.2890625,5566000,8889.830078125,0.023050705663548277,22902.890625,0.003525949632005032,31.767000198364258,-0.006132063621413164
2026-04-14,35584.08984375,36341.44140625,35584.08984375,36296.12109375,7184600,9039.51953125,0.016838280575613762,23183.740234375,0.01226262719293758,31.641199111938477,-0.008547986756256343
2026-04-15,36369.109375,37064.16015625,36369.109375,36722.140625,7050400,9224.1201171875,0.020421504184965578,23639.080078125,0.019640482473783916,31.517000198364258,-0.011820370979140127
2026-04-16,36759.53125,37135.55078125,36751.08984375,37132.01953125,6694200,9239.2900390625,0.0016445928372867957,24016.01953125,0.015945605830651965,31.586999893188477,-0.004205494381600228
2026-04-17,37145.66015625,37145.66015625,36776.28125,36804.33984375,6808300,9329.349609375,0.009747455695376939,24102.69921875,0.003609244545592194,31.558000564575195,-0.005289039150973784
2026-04-20,36850.23828125,37344.5,36850.23828125,36958.80078125,6458900,9555.8798828125,0.02428146472395687,24468.48046875,0.015175945510511601,31.468000411987305,-0.009412276403497177
2026-04-21,37051.25,37781.828125,37051.25,37605.109375,6360500,9599.2099609375,0.0045343891568723205,24404.390625,-0.002619281725804501,31.41900062561035,-0.007022442023832398
2026-04-22,37627.19921875,38096.87890625,37623.37890625,37878.46875,6248000,9647.2099609375,0.005000411512544156,24259.9609375,-0.005918184547990535,31.48200035095215,-0.00111050693885284
2026-04-23,37971.69140625,38921.94921875,37164.44140625,37714.1484375,8516700,9909.26953125,0.027164285982538505,24657.5703125,0.0163895307178914,31.466800689697266,-0.0038053377622966345
2026-04-24,37862.6484375,38989.94140625,37862.6484375,38932.3984375,5653800,10078.5703125,0.01708509196526453,24438.5,-0.008884505234035278,31.530000686645508,-0.00088725132862566
2026-04-27,39858.19140625,40194.921875,39607.73828125,39616.62890625,5805300,10513.66015625,0.043169797923657605,24836.599609375,0.016289854507232526,31.440000534057617,-0.0008897889145514926
2026-04-28,39531.9296875,40101.23046875,39521.73046875,39521.73046875,5020400,10408.0400390625,-0.01004598927659961,24887.099609375,0.0020332896126786792,31.455699920654297,0.001168060546586247
2026-04-29,39176.23828125,39548.1796875,38896.30078125,39303.5,5009300,10035.580078125,-0.03578579247770164,24663.80078125,-0.008972472953050814,31.51300048828125,0.0009846940151045924
2026-04-30,39571.4609375,39848.21875,38926.62890625,38926.62890625,5678600,10271.2998046875,0.023488400742903703,24673.240234375,0.00038272499882396893,31.62649917602539,0.005075142144349343
2026-05-04,39228.390625,40755.51953125,39228.390625,40705.140625,5642100,10595.33984375,0.008724511051676487,25114.439453125,0.0089235953340574,31.554000854492188,0.0036259643288198973
2026-05-05,40708.3984375,40885.05078125,40522.78125,40769.2890625,6050000,10534.66015625,-0.005727016631353665,25067.80078125,-0.0018570461013891482,31.597999572753906,0.0045238113428902604
2026-05-06,40983.0390625,41575.83984375,40616.28125,41138.8515625,8107500,10980.580078125,0.042328837880018844,25326.130859375,0.010305254951532117,31.545000076293945,0.001015440850343552
2026-05-07,41259.9609375,42156.05859375,41259.9609375,41933.78125,7835100,11472.75,0.04482185079233458,25838.939453125,0.020248201219420503,31.398500442504883,-0.007209104373251174
2026-05-08,41886.03125,42038.6015625,41132.25,41603.94140625,7818600,11160.990234375,-0.027173935248741565,25806.19921875,-0.0012670889389402307,31.392099380493164,-0.005603625780968291
2026-05-11,41714.0,42021.78125,41529.25,41790.05859375,6722000,11775.5,0.055058713673304505,26247.080078125,0.0170843003899106,31.301000595092773,-0.008018008891046757
2026-05-12,41880.66015625,42253.421875,41471.5703125,41898.3203125,8332000,12081.0400390625,0.025947096858944363,26274.130859375,0.0010306205935852741,31.3518009185791,-0.007791589895048134
2026-05-13,41795.921875,41795.921875,41014.53125,41374.5,8129100,11717.259765625,-0.030111668553474136,26088.19921875,-0.007076604802653486,31.501100540161133,-0.0013916479957722938
2026-05-14,41496.23046875,42205.62109375,41496.23046875,41751.75,7982100,12017.98046875,0.025664763702450744,26402.33984375,0.012041483674895437,31.55900001525879,0.005111695478827283
2026-05-15,41830.421875,42408.66015625,41016.73046875,41172.359375,8185700,12073.7802734375,0.004643026740856815,26635.220703125,0.008820462911741878,31.56439971923828,0.0054886529459761135
2026-05-18,41095.8203125,41095.8203125,40170.171875,40891.8203125,6319000,11588.4599609375,-0.04019621870771595,26225.140625,-0.015396158443578667,31.586999893188477,0.009137065673885836
2026-05-19,40883.421875,40951.55859375,40168.51171875,40175.55859375,6548000,11302.51953125,-0.024674584082039486,26090.73046875,-0.005125240629667793,31.554100036621094,0.006452551755076641
2026-05-20,40204.16015625,40439.0390625,39967.078125,40020.8203125,6049500,11305.5,0.0002636995000768749,25870.7109375,-0.008432862066224178,31.72920036315918,0.007241011237281603
2026-05-21,40263.1796875,41606.91015625,40263.1796875,41368.2109375,6705300,11813.2900390625,0.044915310164300504,26270.359375,0.015447910900689754,31.59119987487793,0.0010203067145211353
2026-05-22,41447.921875,42357.6015625,41447.921875,42267.96875,7704200,11964.080078125,0.012764440605782967,26293.099609375,0.0008656232695711807,31.550800323486328,-0.0004308460123720881
2026-05-25,42667.87109375,43645.78125,42667.87109375,43644.3984375,8500300,11964.080078125,0.012764440605782967,26293.099609375,0.0008656232695711807,31.43899917602539,-0.004685494591558315
2026-05-26,43708.890625,44097.62890625,43349.76953125,43525.37109375,11150100,12202.5400390625,0.01993132437933931,26343.970703125,0.001934769749697418,31.448400497436523,-0.0033497877949900667
2026-05-27,43842.26171875,44818.25,43842.26171875,44256.80078125,10615800,12876.91015625,0.05526473300056556,26656.1796875,0.011851250059960128,31.445899963378906,-0.008928696485815402
2026-05-28,44240.80078125,44954.08984375,43236.359375,43636.44140625,10946500,12702.1904296875,-0.013568451161220296,26674.73046875,0.0006959279787079886,31.465900421142578,-0.003966277135139529
2026-05-29,43815.48046875,44933.94921875,43815.48046875,44732.94140625,12618300,12829.1396484375,0.009994277715542177,26917.470703125,0.009100007014480438,31.423999786376953,-0.0040189325091377626
2026-06-01,44872.8203125,45931.1015625,44872.8203125,45337.91015625,9887600,12829.3798828125,1.8725680878350914e-05,26972.619140625,0.002048797158850313,31.412900924682617,-0.0008301234780614397
2026-06-02,45388.9296875,45915.921875,44869.37890625,45557.30859375,11590000,12965.650390625,0.010621753277027857,27086.810546875,0.004233604666074475,31.33049964904785,-0.0037490252770815413
2026-06-03,45660.4609375,46552.16015625,45660.4609375,46459.16015625,11629900,13726.26953125,0.05866417169284288,27093.900390625,0.00026174524083333317,31.478200912475586,0.0010271911166255254
2026-06-04,46364.0703125,46364.0703125,45677.4609375,45677.4609375,10148400,13916.9599609375,0.013892371066542397,26853.98046875,-0.008855126741294739,31.50550079345703,0.0012585170544761048
2026-06-05,45619.8203125,45619.8203125,44209.53125,45070.94140625,8445300,13617.5,-0.021517627540643347,26830.9609375,-0.0008572111414465455,31.503000259399414,0.0025140171066546646
2026-06-08,44507.48828125,44507.48828125,42376.859375,43502.78125,6465800,12220.759765625,-0.10256950500275386,25709.4296875,-0.04179989127532524,31.58810043334961,0.005577310707058247
2026-06-09,43687.62109375,44821.7109375,43687.62109375,44704.44140625,7468300,12906.6904296875,0.05612831585086142,25929.66015625,0.008566135905265782,31.582000732421875,0.008027356288321075
2026-06-10,44581.44921875,44676.48828125,43225.5390625,43225.5390625,7804700,12657.8095703125,-0.019283088932119496,25678.8203125,-0.009673857745857828,31.5408992767334,0.0019918026583585213
2026-06-11,43172.2109375,43463.03125,42006.390625,43149.4609375,6756200,12206.4599609375,-0.03565779741493269,25169.5,-0.019834256648155746,31.649799346923828,0.0045801066427346715
2026-06-12,43587.62890625,44798.87890625,43587.62890625,44169.0390625,6583000,13171.4404296875,0.07905489976930924,25809.66015625,0.02543396397425446,31.57900047302246,0.0024124754149525973
2026-06-15,44447.87109375,45483.62890625,44447.87109375,45396.98828125,6161900,13371.4697265625,0.015186592380902253,25888.83984375,0.0030678314639034365,31.613000869750977,0.0007882853371923293
2026-06-16,45500.078125,45809.19140625,45266.33984375,45809.19140625,6574400,14099.6201171875,0.05445552400111442,26683.939453125,0.030712060261246066,31.518600463867188,-0.002007481067834993
2026-06-17,45685.26953125,45877.390625,45159.51171875,45877.390625,6992700,13294.2197265625,-0.057122134066804664,26376.33984375,-0.01152751863776913,31.563899993896484,0.000729234666433598
2026-06-18,45972.26171875,46565.69921875,45972.26171875,46465.19921875,9801100,13477.0703125,0.013754142002945446,26021.66015625,-0.013446887991323875,31.638399124145508,-0.00036019889584004705
2026-06-22,46679.5703125,47871.19140625,46679.5703125,47741.51171875,8634300,14341.7802734375,0.0641615678249805,26517.9296875,0.019071401604282556,31.70199966430664,0.0028152592954509004
2026-06-23,47795.08984375,48218.87109375,47100.6484375,47100.6484375,9602200,14634.7197265625,0.020425599021870022,26166.599609375,-0.01324877478239217,31.687000274658203,0.005342870822709012
2026-06-24,46909.98046875,46909.98046875,45819.7109375,46043.6015625,8877500,13482.509765625,-0.07873126253632323,25587.0390625,-0.022148867469480193,31.70210075378418,0.004378443725725267
2026-06-25,46339.6796875,46785.44921875,46048.69921875,46255.26171875,7621600,13458.2001953125,-0.0018030448881616312,25476.640625,-0.004314623400946682,31.808000564575195,0.00536062016804939
2026-06-26,46188.6015625,46188.6015625,44454.21875,44571.76171875,7695600,13940.8701171875,0.035864373755051915,25358.599609375,-0.004633303792383359,31.860000610351562,0.007083727960681907
2026-06-29,44594.80859375,45521.62890625,44594.80859375,44999.8984375,6052400,13203.5703125,-0.05288764607156715,25297.619140625,-0.002404725406345176,31.847000122070312,0.00457385840953517
2026-06-30,45165.80078125,46637.859375,45165.80078125,46125.91015625,7182400,13709.66015625,0.03832977230945467,25820.140625,0.02065496683582735,31.86590003967285,0.005645840990436746
2026-07-01,46234.69921875,47293.1015625,46234.69921875,47018.98828125,8429000,14246.9599609375,0.03919132922069957,26213.720703125,0.015243142314411706,31.834400177001953,0.004173206824534592
2026-07-02,46833.890625,46910.30859375,45981.890625,46744.16015625,6148400,13353.2802734375,-0.06272774612621235,26040.029296875,-0.006625973024473875,31.894800186157227,0.002728861294057694
2026-07-03,46545.140625,46948.828125,45880.69140625,46780.62109375,6606400,13353.2802734375,-0.06272774612621235,26040.029296875,-0.006625973024473875,31.93090057373047,0.002225359762104695
2026-07-06,46897.1796875,47395.30078125,46431.37890625,46556.390625,7246000,12626.2197265625,-0.05444808556301162,25832.669921875,-0.007963100679955204,31.92799949645996,0.0025433910283283456
2026-07-07,46537.33984375,46967.0390625,45432.01953125,45479.109375,7141700,12900.1396484375,0.021694531523060556,26121.16015625,0.01116765070151371,32.054901123046875,0.005931139027572474
2026-07-08,45524.69140625,45837.12109375,45036.640625,45734.41015625,5691300,12300.51953125,-0.046481676441396336,25818.689453125,-0.011579527912071952,32.13589859008789,0.00947083693770212
2026-07-09,45805.62109375,46064.05859375,45352.41015625,45354.609375,5765500,12574.9697265625,0.022312081584460408,25870.650390625,0.0020125319526513863,32.10919952392578,0.0067220780979091455
2026-07-13,45500.3203125,46330.91015625,45272.8984375,45380.51953125,6161200,12967.16015625,0.0005524811921295836,26281.609375,0.00285111084215095,32.099098205566406,0.005358892251467795
2026-07-14,45364.3984375,45364.3984375,43654.0390625,44737.94921875,6654600,12347.7802734375,-0.047765268212097034,25873.1796875,-0.01554051282295188,32.1619987487793,0.00334106866595274
2026-07-15,44850.69140625,45881.91015625,44850.69140625,45631.58984375,5330100,12661.9296875,0.02544177229475797,26107.009765625,0.009037547025500192,32.1338996887207,-6.220150843405658e-05
2026-07-16,45511.98046875,45855.01953125,44970.640625,45624.98046875,5267400,12398.8896484375,-0.020774087801338492,26269.23046875,0.006213683780001311,32.210899353027344,0.003167311256880856
2026-07-17,45234.078125,45234.078125,42671.26953125,42671.26953125,6385100,11867.5,-0.042857841589425294,25881.94921875,-0.014742771032471347,32.26430130004883,0.00520614949594056
2026-07-20,42793.1484375,43084.51171875,41967.75,42449.69921875,5678000,11673.8896484375,-0.016314333394775615,25520.240234375,-0.013975337843293634,32.3129997253418,0.006663785954531765
2026-07-21,42566.9296875,44232.87109375,42566.9296875,44232.87109375,4764300,11743.849609375,0.005992857825828812,25508.0703125,-0.0004768733273368131,32.275901794433594,0.0035415412625317
2026-07-22,44513.75,45323.75,44513.75,44825.78125,5389000,12356.16015625,0.0521388273216814,25837.2109375,0.012903391788076979,32.325401306152344,0.005959488866483786
2026-07-23,44899.0390625,45089.8203125,44340.76171875,44850.80859375,5159100,12410.669921875,0.004411545733925104,25690.900390625,-0.005662784084122907,32.37910079956055,0.0052218798578000936
2026-07-24,44769.390625,44769.390625,43607.3984375,43654.83984375,4337700,12343.83984375,-0.005384888853357195,25137.689453125,-0.02153334173145116,32.29899978637695,0.0010754451492824835
2026-07-27,43585.921875,43686.1484375,42969.48046875,43634.19140625,4260000,11818.8798828125,-0.04252809235882149,24975.8203125,-0.006439300673470538,32.32229995727539,0.0002878170399729374
2026-07-28,43221.9296875,43221.9296875,41565.0,41603.359375,4492500,11554.8798828125,-0.022337142150325007,24932.080078125,-0.0017513032135768603,32.301998138427734,0.0008085395773089754
2026-07-29,41491.48046875,41698.390625,39384.8515625,40039.1796875,6323100,11035.6796875,-0.04493341346497193,24876.91015625,-0.002212808626561591,32.363800048828125,0.001187881391234935
2026-07-30,40048.94140625,41155.421875,39404.6484375,39933.30078125,5907800,10447.490234375,-0.05329888776957126,24442.939453125,-0.017444718833619755,32.348899841308594,-0.0009327299865091732
2026-07-31,41610.41015625,43214.359375,41610.41015625,43119.75,4859500,11302.990234375,0.08188569511031263,25122.1796875,0.02778881139388334,32.39500045776367,0.0029722490486288056
2026-08-03,42780.421875,43784.19140625,42780.421875,43386.41015625,4688600,11311.080078125,0.0007157259789003501,25373.849609375,0.010017837823213416,32.29309844970703,-0.0009034477004098429
2026-08-04,43092.48828125,43912.76953125,42895.80859375,43360.66015625,5057500,11430.349609375,0.01054448650581663,25913.900390625,0.02128375432045071,32.395999908447266,0.0029100914939284017
2026-08-05,43809.828125,44980.30859375,43809.828125,44611.6015625,5687100,12179.259765625,0.06551944444776692,26584.990234375,0.025896906047874646,32.39509963989258,0.0009671173044336623
2026-08-06,44487.94140625,44601.23828125,44024.3203125,44396.69921875,4904700,12008.8798828125,-0.013989346322457408,26363.439453125,-0.008333679241436354,32.264801025390625,-0.0025997426908032084
2026-08-07,44450.19140625,44827.12890625,43941.55859375,44225.91015625,4388800,12048.6904296875,0.0033150924368872126,26348.349609375,-0.0005723776587205354,32.2067985534668,-0.0058095972106020355
2026-08-10,44540.7109375,45219.3984375,44540.7109375,44928.76171875,4876600,12356.7900390625,0.025571211342259703,26690.619140625,0.012990169643422922,32.23509979248047,-0.0017960078162486681
2026-08-11,44883.8984375,45195.41015625,44652.05859375,45120.71875,5060400,11993.8603515625,-0.029370871104283602,26605.359375,-0.003194371969259757,32.22710037231445,-0.005213592314178617
2026-08-12,45175.69921875,45529.48046875,45175.69921875,45518.0703125,4839900,12098.4697265625,0.008721910371948915,26445.44921875,-0.00601044902254777,32.20909881591797,-0.0057416345694939475
2026-08-13,45676.5390625,46216.41015625,45676.5390625,46021.48046875,5570900,12399.3798828125,0.024871753457327284,26588.490234375,0.005408908521152389,32.202301025390625,-0.0019370954728905598
2026-08-14,46103.80859375,46402.6015625,45798.30859375,45811.01171875,5810000,12456.0,0.00456636684436007,26803.029296875,0.008068869672887002,32.12409973144531,-0.002567744256983362
2026-08-17,45841.171875,46189.30078125,45765.0703125,45857.26953125,5099900,12417.0498046875,-0.003127022745062602,26729.16015625,-0.002755999697154121,31.99020004272461,-0.007597300809752294
2026-08-18,45922.3984375,46064.08984375,45225.421875,45308.6796875,4575200,12621.0,0.01642501226301829,26644.91015625,-0.0031519882969573976,31.850299835205078,-0.011692039704356283
2026-08-19,45071.33984375,45071.33984375,44308.7109375,44719.3515625,4290600,11992.4599609375,-0.04980112820398541,26289.7109375,-0.013330846929753393,31.881900787353516,-0.010158558934991069
2026-08-20,44942.01171875,45160.05078125,44446.359375,44933.73828125,4170000,11738.23046875,-0.02119911119283202,26331.08984375,0.001573958205488557,31.815099716186523,-0.012024026137101296
2026-08-21,44923.33984375,45254.83984375,44583.87109375,45224.2890625,3779900,11800.01953125,0.00526391628316536,26067.169921875,-0.010023129442841672,31.838300704956055,-0.008896717071560367
2026-08-24,45240.30078125,45362.30078125,44761.87890625,44762.3203125,3853700,11740.3701171875,-0.005055026723009282,26180.4609375,0.004346118737267535,31.82200050354004,-0.00525784580777644
2026-08-25,44728.359375,45169.4609375,44210.30859375,45169.4609375,3925500,11423.169921875,-0.027017904218209376,25980.189453125,-0.007649654635688119,31.812000274658203,-0.0012024866561708425
2026-08-26,45157.640625,45878.390625,44925.83984375,45832.62109375,4026600,11588.0400390625,0.014432956728742896,26151.30078125,0.006586223261910051,31.841899871826172,-0.0012546590554353143
2026-08-27,45890.1796875,46401.78125,45890.1796875,45975.21875,4494100,11611.240234375,0.002002081045137327,26130.19921875,-0.0008069029788043691,31.80590057373047,-0.00028914391399426087
2026-08-31,46224.69140625,46224.69140625,45450.2109375,46128.46875,0,11882.169921875,0.023333397813776635,26541.349609375,0.01573468258634536,31.66900062561035,-0.004807990557120001
